comparison,round,variant,case,mean_ns,lower_95_ns,upper_95_ns
add-sub,1,before-simd,slice/arithmetic/barrett/u64/q1125899906826241/n1024/add_assign,85.77673257024125,85.7466764411105,85.81098253591078
add-sub,1,before-simd,slice/arithmetic/barrett/u64/q1125899906826241/n1024/add_to,94.35567401369744,94.20890539220213,94.5300571493717
add-sub,1,before-simd,slice/arithmetic/barrett/u64/q1125899906826241/n1024/sub_assign,85.86838354337422,85.84753716823367,85.88998779787333
add-sub,1,before-simd,slice/arithmetic/barrett/u64/q1125899906826241/n1024/sub_to,94.75107506159904,94.5681990584032,94.98881567945648
add-sub,1,before-simd,slice/arithmetic/barrett/u64/q1125899906826241/n1025/add_assign,86.31181175469493,86.25908360647452,86.37439957480812
add-sub,1,before-simd,slice/arithmetic/barrett/u64/q1125899906826241/n1025/add_to,96.26256797049578,95.91242365994762,96.83334234298822
add-sub,1,before-simd,slice/arithmetic/barrett/u64/q1125899906826241/n1025/sub_assign,86.30963698979537,86.15633147671454,86.5758561068455
add-sub,1,before-simd,slice/arithmetic/barrett/u64/q1125899906826241/n1025/sub_to,96.757217939561,96.70990139383166,96.80813318127325
add-sub,1,before-simd,slice/arithmetic/barrett/u64/q1125899906826241/n4096/add_assign,355.9763999803621,355.73626422848525,356.24773056918406
add-sub,1,before-simd,slice/arithmetic/barrett/u64/q1125899906826241/n4096/add_to,451.04985882247746,449.9537831708207,452.70320260013943
add-sub,1,before-simd,slice/arithmetic/barrett/u64/q1125899906826241/n4096/sub_assign,363.1754385242544,362.9820427635421,363.3952342900326
add-sub,1,before-simd,slice/arithmetic/barrett/u64/q1125899906826241/n4096/sub_to,446.51209611369507,446.2339974667671,446.80012345178665
add-sub,1,before-simd,slice/arithmetic/native/u64/n1024/add_assign,73.88067505535476,73.8149793533502,73.94898431593879
add-sub,1,before-simd,slice/arithmetic/native/u64/n1024/sub_assign,75.68317119589548,74.54453171557202,77.03191059900819
add-sub,1,before-simd,slice/arithmetic/native/u64/n1024/sub_to,74.67455070088496,74.49987024853782,74.88738289700113
add-sub,1,before-simd,slice/arithmetic/native/u64/n1025/add_assign,74.11821054928939,74.07220758932023,74.17067803444826
add-sub,1,before-simd,slice/arithmetic/native/u64/n1025/sub_assign,73.99937062049192,73.72573852375044,74.33137910446739
add-sub,1,before-simd,slice/arithmetic/native/u64/n1025/sub_to,75.03422949854256,74.99846293315038,75.07049596707944
add-sub,1,before-simd,slice/arithmetic/native/u64/n4096/add_assign,347.7027849555735,347.2302111366884,348.18013536592775
add-sub,1,before-simd,slice/arithmetic/native/u64/n4096/sub_assign,347.7926765814408,347.5671585743929,348.0597571663516
add-sub,1,before-simd,slice/arithmetic/native/u64/n4096/sub_to,432.70386742680483,432.52075479304494,432.893372763369
add-sub,1,before-simd,slice/power_of_two/u64/add/4096/native,433.1994822306732,430.7052244287966,437.7290610838136
rotation,1,before-simd,u64_rotation/barrett/N1024/varying_exponent,64.49008035537632,64.26430812414999,64.81302501397172
rotation,1,before-simd,u64_rotation/barrett/N4096/varying_exponent,343.96079781946383,343.60312363463487,344.34006090835265
rotation,1,before-simd,u64_rotation/native/N1024/varying_exponent,61.017481306185324,60.99527053625783,61.041452568512135
rotation,1,before-simd,u64_rotation/native/N4096/varying_exponent,333.03419642247064,332.6839061229591,333.3967087788197
add-sub,1,current-simd,slice/arithmetic/barrett/u64/q1125899906826241/n1024/add_assign,59.79865858782448,59.67516567140205,59.93409263017832
add-sub,1,current-simd,slice/arithmetic/barrett/u64/q1125899906826241/n1024/add_to,67.20200324311202,67.06071160758593,67.36678709553068
add-sub,1,current-simd,slice/arithmetic/barrett/u64/q1125899906826241/n1024/sub_assign,59.642779426719855,59.559383945286086,59.74602164093776
add-sub,1,current-simd,slice/arithmetic/barrett/u64/q1125899906826241/n1024/sub_to,66.6589126143871,66.5308305937452,66.83626644474562
add-sub,1,current-simd,slice/arithmetic/barrett/u64/q1125899906826241/n1025/add_assign,59.574726875544286,59.551185331242415,59.601409570007455
add-sub,1,current-simd,slice/arithmetic/barrett/u64/q1125899906826241/n1025/add_to,67.73266237831395,67.53850804227615,68.10509417399584
add-sub,1,current-simd,slice/arithmetic/barrett/u64/q1125899906826241/n1025/sub_assign,59.70035990675426,59.68658838190973,59.716477147964135
add-sub,1,current-simd,slice/arithmetic/barrett/u64/q1125899906826241/n1025/sub_to,66.93728975766786,66.88952237059219,66.99437031222622
add-sub,1,current-simd,slice/arithmetic/barrett/u64/q1125899906826241/n4096/add_assign,337.56698997016406,337.2204789582024,337.9355889116288
add-sub,1,current-simd,slice/arithmetic/barrett/u64/q1125899906826241/n4096/add_to,450.2249001232461,449.38869534481046,451.25727729815395
add-sub,1,current-simd,slice/arithmetic/barrett/u64/q1125899906826241/n4096/sub_assign,336.93300751354303,336.2691887187053,337.8590787077557
add-sub,1,current-simd,slice/arithmetic/barrett/u64/q1125899906826241/n4096/sub_to,448.6033930430308,447.7319184288479,449.60008562853847
add-sub,1,current-simd,slice/arithmetic/native/u64/n1024/add_assign,53.2071303679048,53.18567456361616,53.23310125861681
add-sub,1,current-simd,slice/arithmetic/native/u64/n1024/sub_assign,53.229670821174274,53.1854913895233,53.28115969414365
add-sub,1,current-simd,slice/arithmetic/native/u64/n1024/sub_to,93.67557810222692,93.64402091820864,93.7020855500487
add-sub,1,current-simd,slice/arithmetic/native/u64/n1025/add_assign,54.290284007662954,54.26411761030129,54.32063189615324
add-sub,1,current-simd,slice/arithmetic/native/u64/n1025/sub_assign,54.47390988039994,54.40673072743721,54.54438836099533
add-sub,1,current-simd,slice/arithmetic/native/u64/n1025/sub_to,54.36710750988492,54.32492282829551,54.41843697289816
add-sub,1,current-simd,slice/arithmetic/native/u64/n4096/add_assign,319.44752525369705,318.9850961500233,319.9556249015457
add-sub,1,current-simd,slice/arithmetic/native/u64/n4096/sub_assign,321.20010305197013,320.83819995306334,321.55684703121267
add-sub,1,current-simd,slice/arithmetic/native/u64/n4096/sub_to,435.8515497347702,434.72844594642754,437.0345769277962
add-sub,1,current-simd,slice/power_of_two/u64/add/4096/native,424.6281039800762,424.14059356091235,425.12349308464565
rotation,1,current-simd,u64_rotation/barrett/N1024/varying_exponent,61.26239076274927,60.258093432484586,62.73916576905587
rotation,1,current-simd,u64_rotation/barrett/N4096/varying_exponent,344.7028409397577,344.0017152624011,345.6433180742505
rotation,1,current-simd,u64_rotation/native/N1024/varying_exponent,60.275240889904104,58.87081231277001,61.83181068745797
rotation,1,current-simd,u64_rotation/native/N4096/varying_exponent,345.1906766716895,340.166337445069,351.9390022714597
other-kernels,1,current-default,slice/arithmetic/barrett/u64/q1125899906826241/n1024/add_mul_scalar_assign,1521.23350621633,1520.091410738657,1522.4917825594528
other-kernels,1,current-default,slice/arithmetic/barrett/u64/q1125899906826241/n1024/mul_scalar_assign,1465.7659603150341,1464.7503816635365,1466.8646950636262
other-kernels,1,current-default,slice/arithmetic/barrett/u64/q1125899906826241/n1024/mul_scalar_to,1522.0674630413166,1520.6142233192443,1523.6152136988778
other-kernels,1,current-default,slice/arithmetic/barrett/u64/q1125899906826241/n1024/neg_assign,36.70903411091548,36.662277928744686,36.755381291338395
other-kernels,1,current-default,slice/arithmetic/barrett/u64/q1125899906826241/n1024/neg_to,39.53104330212115,39.46688798363391,39.584286098522014
other-kernels,1,current-default,slice/arithmetic/barrett/u64/q1125899906826241/n1025/add_mul_scalar_assign,1517.896901425464,1516.6807778584225,1519.3037301793881
other-kernels,1,current-default,slice/arithmetic/barrett/u64/q1125899906826241/n1025/mul_scalar_assign,1467.9163893460116,1466.5201946919094,1469.4537158073306
other-kernels,1,current-default,slice/arithmetic/barrett/u64/q1125899906826241/n1025/mul_scalar_to,1521.9782417617462,1521.346599863393,1522.609376081218
other-kernels,1,current-default,slice/arithmetic/barrett/u64/q1125899906826241/n1025/neg_assign,36.95461026989892,36.7961434976134,37.23895419723719
other-kernels,1,current-default,slice/arithmetic/barrett/u64/q1125899906826241/n1025/neg_to,39.77137990917019,39.71733518015905,39.83331362865726
other-kernels,1,current-default,slice/arithmetic/barrett/u64/q1125899906826241/n4096/add_mul_scalar_assign,6356.831253395874,6223.313157968027,6498.329034608553
other-kernels,1,current-default,slice/arithmetic/barrett/u64/q1125899906826241/n4096/mul_scalar_assign,5920.327491820388,5857.380552867675,6002.231147237948
other-kernels,1,current-default,slice/arithmetic/barrett/u64/q1125899906826241/n4096/mul_scalar_to,6376.972458826473,6364.828696603415,6397.444903208018
other-kernels,1,current-default,slice/arithmetic/barrett/u64/q1125899906826241/n4096/neg_assign,110.05862565135699,109.6822875883158,110.58105434924984
other-kernels,1,current-default,slice/arithmetic/barrett/u64/q1125899906826241/n4096/neg_to,311.30128915155086,310.9671773801281,311.7102006022176
other-kernels,1,current-default,slice/arithmetic/native/u64/n1024/add_mul_scalar_assign,59.56060144834178,59.45560926743136,59.698481902149574
other-kernels,1,current-default,slice/arithmetic/native/u64/n1024/mul_scalar_assign,35.46598667740311,35.28740857743484,35.665183798851515
other-kernels,1,current-default,slice/arithmetic/native/u64/n1024/mul_scalar_to,43.6162754220602,43.51218648734026,43.71458165485577
other-kernels,1,current-default,slice/arithmetic/native/u64/n1024/neg_assign,34.70409280900427,34.67547881948018,34.735852790501426
other-kernels,1,current-default,slice/arithmetic/native/u64/n1024/neg_to,43.18280837608827,43.080328431940515,43.27870953407283
other-kernels,1,current-default,slice/arithmetic/native/u64/n1025/add_mul_scalar_assign,59.55588120202672,59.497077842451,59.6491969584963
other-kernels,1,current-default,slice/arithmetic/native/u64/n1025/mul_scalar_assign,35.38833769631174,35.3137696324754,35.46239032399162
other-kernels,1,current-default,slice/arithmetic/native/u64/n1025/mul_scalar_to,43.81873778504263,43.63156240867651,44.13139434244014
other-kernels,1,current-default,slice/arithmetic/native/u64/n1025/neg_assign,35.41271514902602,35.36126846626047,35.469362411511334
other-kernels,1,current-default,slice/arithmetic/native/u64/n1025/neg_to,43.571526050789146,43.20008935561293,43.82030834008761
other-kernels,1,current-default,slice/arithmetic/native/u64/n4096/add_mul_scalar_assign,332.7562133485559,331.7302325152546,334.2864883958805
other-kernels,1,current-default,slice/arithmetic/native/u64/n4096/mul_scalar_assign,147.87629523111164,147.55967337561557,148.24182328209164
other-kernels,1,current-default,slice/arithmetic/native/u64/n4096/mul_scalar_to,301.5184067353161,301.2174958269558,301.8231644499148
other-kernels,1,current-default,slice/arithmetic/native/u64/n4096/neg_assign,139.79210177660926,139.67150816064566,139.94779189336464
other-kernels,1,current-default,slice/arithmetic/native/u64/n4096/neg_to,293.53357136188924,293.29291753995483,293.77608546556894
other-kernels,1,current-default,barrett/slice/u64/dot_product/1024/canonical,453.8059486120113,453.253659934525,454.5168477476043
other-kernels,1,current-default,barrett/slice/u64/dot_product/4096/canonical,1814.871418449787,1811.980113322331,1817.8651720117318
other-kernels,1,current-default,barrett/slice/u64/mul/1024/canonical,1446.2896510951857,1445.5039456772308,1447.3397882500724
other-kernels,1,current-default,barrett/slice/u64/mul/1024/lazy,1388.6887345586542,1387.202882433788,1390.6548204238413
other-kernels,1,current-default,barrett/slice/u64/mul/4096/canonical,5943.710739463712,5940.546118510709,5946.872053056922
other-kernels,1,current-default,barrett/slice/u64/mul/4096/lazy,5788.180928198803,5784.447448516054,5792.420286208799
other-kernels,1,current-default,factor/shoup/u64/q1125899906826241/n1024/add_mul_assign,331.1318923004834,330.96337985556937,331.28834203755537
other-kernels,1,current-default,factor/shoup/u64/q1125899906826241/n1024/mul_assign,306.9745268910663,306.81628148566057,307.1496577406801
other-kernels,1,current-default,factor/shoup/u64/q1125899906826241/n1024/mul_to,320.24157984803617,320.00199241666496,320.5085957469902
other-kernels,1,current-default,factor/shoup/u64/q1125899906826241/n1024/sub_mul_assign,328.1791240539287,327.83156327877066,328.56750584701416
other-kernels,1,current-default,factor/shoup/u64/q1125899906826241/n1025/add_mul_assign,331.66017187386876,331.43879120325226,331.86576412285353
other-kernels,1,current-default,factor/shoup/u64/q1125899906826241/n1025/mul_assign,307.10547818329826,306.8688344031952,307.42488654504456
other-kernels,1,current-default,factor/shoup/u64/q1125899906826241/n1025/mul_to,319.77365048962054,319.61293336235707,319.95998569042297
other-kernels,1,current-default,factor/shoup/u64/q1125899906826241/n1025/sub_mul_assign,327.16682865817654,327.0668470836978,327.25977601509686
other-kernels,1,current-default,factor/shoup/u64/q1125899906826241/n4096/add_mul_assign,1337.7864595873373,1337.108618242212,1338.7080496703597
other-kernels,1,current-default,factor/shoup/u64/q1125899906826241/n4096/mul_assign,1228.8951226719068,1226.7781694897365,1232.3527712107555
other-kernels,1,current-default,factor/shoup/u64/q1125899906826241/n4096/mul_to,1283.7802713786996,1283.5504156869674,1284.020767543741
other-kernels,1,current-default,factor/shoup/u64/q1125899906826241/n4096/sub_mul_assign,1316.7743040782207,1316.5105064078386,1317.0142731585345
other-kernels,1,current-default,slice/power_of_two/u64/dot_product/4096/native,263.5776811632307,263.2597508921258,263.908538808123
other-kernels,1,current-default,slice/power_of_two/u64/mul/4096/native,410.8360680406289,410.40088209086775,411.2731469969451
other-kernels,1,current-simd,slice/arithmetic/barrett/u64/q1125899906826241/n1024/add_mul_scalar_assign,822.3474994501354,822.0862594669154,822.6056312623359
other-kernels,1,current-simd,slice/arithmetic/barrett/u64/q1125899906826241/n1024/mul_scalar_assign,742.8749874564309,741.125342288227,745.2811831333574
other-kernels,1,current-simd,slice/arithmetic/barrett/u64/q1125899906826241/n1024/mul_scalar_to,754.0416831265591,753.1274384205091,754.986936462244
other-kernels,1,current-simd,slice/arithmetic/barrett/u64/q1125899906826241/n1024/neg_assign,38.2589400252222,38.217657990151444,38.30102762550964
other-kernels,1,current-simd,slice/arithmetic/barrett/u64/q1125899906826241/n1024/neg_to,42.54848251654662,42.498671910362866,42.60463109771006
other-kernels,1,current-simd,slice/arithmetic/barrett/u64/q1125899906826241/n1025/add_mul_scalar_assign,823.3269595100904,822.9680989819187,823.6839559892069
other-kernels,1,current-simd,slice/arithmetic/barrett/u64/q1125899906826241/n1025/mul_scalar_assign,739.6119482295766,739.2170317582959,740.051328913739
other-kernels,1,current-simd,slice/arithmetic/barrett/u64/q1125899906826241/n1025/mul_scalar_to,751.0373132897009,750.3389799169098,751.842484254765
other-kernels,1,current-simd,slice/arithmetic/barrett/u64/q1125899906826241/n1025/neg_assign,37.424207456564,37.40345569684388,37.44518739753072
other-kernels,1,current-simd,slice/arithmetic/barrett/u64/q1125899906826241/n1025/neg_to,41.53314083635769,41.52076824241868,41.54794753006929
other-kernels,1,current-simd,slice/arithmetic/barrett/u64/q1125899906826241/n4096/add_mul_scalar_assign,3279.869102590994,3278.3395570120215,3281.464434183826
other-kernels,1,current-simd,slice/arithmetic/barrett/u64/q1125899906826241/n4096/mul_scalar_assign,2951.617071302023,2950.7200931717393,2952.662946929005
other-kernels,1,current-simd,slice/arithmetic/barrett/u64/q1125899906826241/n4096/mul_scalar_to,3140.0444181273965,3138.8358456050537,3141.428168659881
other-kernels,1,current-simd,slice/arithmetic/barrett/u64/q1125899906826241/n4096/neg_assign,150.27592880986953,150.20813169921925,150.35246853048093
other-kernels,1,current-simd,slice/arithmetic/barrett/u64/q1125899906826241/n4096/neg_to,310.85440623548584,310.63090390713893,311.1400704401402
other-kernels,1,current-simd,slice/arithmetic/native/u64/n1024/add_mul_scalar_assign,73.83426915324385,73.79692885228972,73.87232208541145
other-kernels,1,current-simd,slice/arithmetic/native/u64/n1024/mul_scalar_assign,36.97522220224248,36.79164172524925,37.16203995168171
other-kernels,1,current-simd,slice/arithmetic/native/u64/n1024/mul_scalar_to,41.3394750225769,41.281550542610034,41.40131521891442
other-kernels,1,current-simd,slice/arithmetic/native/u64/n1024/neg_assign,35.46334593541037,35.45257994768927,35.47391843623444
other-kernels,1,current-simd,slice/arithmetic/native/u64/n1024/neg_to,41.052900743789046,40.89609011226171,41.16516109969312
other-kernels,1,current-simd,slice/arithmetic/native/u64/n1025/add_mul_scalar_assign,74.15343099615268,74.07395689859437,74.24425338600106
other-kernels,1,current-simd,slice/arithmetic/native/u64/n1025/mul_scalar_assign,36.64787411305553,36.593478003319774,36.6956702224859
other-kernels,1,current-simd,slice/arithmetic/native/u64/n1025/mul_scalar_to,41.95896673878567,41.81775902376575,42.15418981892953
other-kernels,1,current-simd,slice/arithmetic/native/u64/n1025/neg_assign,34.378065085172,34.33020018184201,34.44054259070313
other-kernels,1,current-simd,slice/arithmetic/native/u64/n1025/neg_to,41.292774167243145,40.75848090190073,41.90185345045042
other-kernels,1,current-simd,slice/arithmetic/native/u64/n4096/add_mul_scalar_assign,300.18627229014663,299.2058955137286,301.3128346805843
other-kernels,1,current-simd,slice/arithmetic/native/u64/n4096/mul_scalar_assign,110.74979093858636,110.7059941119103,110.79340156050472
other-kernels,1,current-simd,slice/arithmetic/native/u64/n4096/mul_scalar_to,309.3799456544637,309.178311459539,309.57597215800257
other-kernels,1,current-simd,slice/arithmetic/native/u64/n4096/neg_assign,102.10675247571626,101.92603418024702,102.34609982479469
other-kernels,1,current-simd,slice/arithmetic/native/u64/n4096/neg_to,306.0578743095499,305.7897362319453,306.29792737385105
other-kernels,1,current-simd,barrett/slice/u64/dot_product/1024/canonical,225.35781327316187,225.17997256370202,225.5186798122034
other-kernels,1,current-simd,barrett/slice/u64/dot_product/4096/canonical,878.509675277134,877.5601462362799,879.4248128444833
other-kernels,1,current-simd,barrett/slice/u64/mul/1024/canonical,797.7914066542452,797.5108316798476,798.0681506812211
other-kernels,1,current-simd,barrett/slice/u64/mul/1024/lazy,766.8073960605835,765.9600537456045,767.8373493499375
other-kernels,1,current-simd,barrett/slice/u64/mul/4096/canonical,3185.9684624656306,3185.303835390985,3186.6158673929162
other-kernels,1,current-simd,barrett/slice/u64/mul/4096/lazy,3062.2617000320497,3054.7710508828327,3074.6787825430656
other-kernels,1,current-simd,factor/shoup/u64/q1125899906826241/n1024/add_mul_assign,332.62050118757713,332.4746484443048,332.7585808656582
other-kernels,1,current-simd,factor/shoup/u64/q1125899906826241/n1024/mul_assign,327.84675243549987,327.6864176675122,328.0576322207349
other-kernels,1,current-simd,factor/shoup/u64/q1125899906826241/n1024/mul_to,319.27569468890806,319.0270977610143,319.6711069683309
other-kernels,1,current-simd,factor/shoup/u64/q1125899906826241/n1024/sub_mul_assign,325.04916108609063,324.9079179302814,325.2051995110367
other-kernels,1,current-simd,factor/shoup/u64/q1125899906826241/n1025/add_mul_assign,322.5917620949238,322.48301758176274,322.7139475272776
other-kernels,1,current-simd,factor/shoup/u64/q1125899906826241/n1025/mul_assign,332.130197866749,332.02318460922777,332.2273634567608
other-kernels,1,current-simd,factor/shoup/u64/q1125899906826241/n1025/mul_to,323.701187053534,323.4628575022421,323.9502578888852
other-kernels,1,current-simd,factor/shoup/u64/q1125899906826241/n1025/sub_mul_assign,317.3473590349123,316.27425362278177,318.4207975664906
other-kernels,1,current-simd,factor/shoup/u64/q1125899906826241/n4096/add_mul_assign,1356.5452786045057,1353.2140283455983,1360.1858613500247
other-kernels,1,current-simd,factor/shoup/u64/q1125899906826241/n4096/mul_assign,1340.7399551478234,1336.8950924155113,1344.845041606956
other-kernels,1,current-simd,factor/shoup/u64/q1125899906826241/n4096/mul_to,1314.2278763288914,1307.7169188684568,1323.7898983798361
other-kernels,1,current-simd,factor/shoup/u64/q1125899906826241/n4096/sub_mul_assign,1303.4679476472172,1301.3397956665208,1306.7432104200525
other-kernels,1,current-simd,slice/power_of_two/u64/dot_product/4096/native,266.68024628489627,266.5747105025308,266.78835318905476
other-kernels,1,current-simd,slice/power_of_two/u64/mul/4096/native,438.4923935124408,437.97073115281825,439.0195255797739
keygen,1,before-simd,u64_keygen/ntt/n728/h32/N1024/classic,62689224.3,62544032.67875,62852844.636250004
keygen,1,before-simd,u64_keygen/ntt/n728/h32/N1024/sparse,223869999.0,223303960.9,224363508.6
keygen,1,before-simd,u64_keygen/fourier/rustfft/n728/h32/N1024/classic,64046405.65,62818971.143750004,65471565.23
keygen,1,before-simd,u64_keygen/fourier/rustfft/n728/h32/N1024/sparse,276294322.6,275687585.4,277254149.805
keygen,1,before-simd,u64_keygen/fourier/tfhe_fft/n728/h32/N1024/classic,61748749.25,61567154.45,61988908.5675
keygen,1,before-simd,u64_keygen/fourier/tfhe_fft/n728/h32/N1024/sparse,275246865.0,274823656.5475,275745131.6
keygen,1,current-simd,u64_keygen/ntt/n728/h32/N1024/classic,58942131.5,58717142.77875,59201689.7
keygen,1,current-simd,u64_keygen/ntt/n728/h32/N1024/sparse,198197650.5,197601802.9625,198794440.9
keygen,1,current-simd,u64_keygen/fourier/rustfft/n728/h32/N1024/classic,61451920.05,61173735.62875,61867004.4
keygen,1,current-simd,u64_keygen/fourier/rustfft/n728/h32/N1024/sparse,279132334.8,274936684.7,284001345.5
keygen,1,current-simd,u64_keygen/fourier/tfhe_fft/n728/h32/N1024/classic,61854510.85,61470617.582499996,62267969.75
keygen,1,current-simd,u64_keygen/fourier/tfhe_fft/n728/h32/N1024/sparse,272344981.4,271921514.26750004,272839600.1
add-sub,2,current-simd,slice/arithmetic/barrett/u64/q1125899906826241/n1024/add_assign,48.035338546390946,47.92571105912047,48.2037805518302
add-sub,2,current-simd,slice/arithmetic/barrett/u64/q1125899906826241/n1024/add_to,64.62585842606691,64.47926790542495,64.85865323488984
add-sub,2,current-simd,slice/arithmetic/barrett/u64/q1125899906826241/n1024/sub_assign,48.02461919951369,47.920148934348894,48.21098792405009
add-sub,2,current-simd,slice/arithmetic/barrett/u64/q1125899906826241/n1024/sub_to,65.70043396033975,65.67685478997902,65.73046017539211
add-sub,2,current-simd,slice/arithmetic/barrett/u64/q1125899906826241/n1025/add_assign,48.29007212391439,48.153694398894025,48.537705448387456
add-sub,2,current-simd,slice/arithmetic/barrett/u64/q1125899906826241/n1025/add_to,64.73512101953361,64.71746009707408,64.75081810244978
add-sub,2,current-simd,slice/arithmetic/barrett/u64/q1125899906826241/n1025/sub_assign,48.016535909027525,48.0030474510484,48.03290407260422
add-sub,2,current-simd,slice/arithmetic/barrett/u64/q1125899906826241/n1025/sub_to,66.0617583565339,66.03432988842246,66.09775887727524
add-sub,2,current-simd,slice/arithmetic/barrett/u64/q1125899906826241/n4096/add_assign,338.86542642998984,337.49060172163695,340.8661739015087
add-sub,2,current-simd,slice/arithmetic/barrett/u64/q1125899906826241/n4096/add_to,458.79156108325276,457.25268958850006,461.2994940587991
add-sub,2,current-simd,slice/arithmetic/barrett/u64/q1125899906826241/n4096/sub_assign,334.9910560659819,334.6670370113292,335.29016425437976
add-sub,2,current-simd,slice/arithmetic/barrett/u64/q1125899906826241/n4096/sub_to,459.8038460832211,458.8073802227934,461.20813055514714
add-sub,2,current-simd,slice/arithmetic/native/u64/n1024/add_assign,58.981832240764604,58.8736512667741,59.15109520677088
add-sub,2,current-simd,slice/arithmetic/native/u64/n1024/sub_assign,59.06855404419982,58.848475419100694,59.437568372051565
add-sub,2,current-simd,slice/arithmetic/native/u64/n1024/sub_to,64.59213509981889,64.54975646201324,64.63983010710753
add-sub,2,current-simd,slice/arithmetic/native/u64/n1025/add_assign,59.27513783479651,59.252323837234684,59.31402197930728
add-sub,2,current-simd,slice/arithmetic/native/u64/n1025/sub_assign,59.512691027544314,59.39550041034433,59.65665015535434
add-sub,2,current-simd,slice/arithmetic/native/u64/n1025/sub_to,64.89226244705137,64.87451296997274,64.91344086847894
add-sub,2,current-simd,slice/arithmetic/native/u64/n4096/add_assign,293.6542200730192,292.772921134387,294.6193819467508
add-sub,2,current-simd,slice/arithmetic/native/u64/n4096/sub_assign,294.36227104950325,293.588479165141,295.2781101254069
add-sub,2,current-simd,slice/arithmetic/native/u64/n4096/sub_to,444.6594882004598,443.9590259666386,445.38949111157353
add-sub,2,current-simd,slice/power_of_two/u64/add/4096/native,425.4044035974947,424.4530002441966,426.62207185136896
rotation,2,current-simd,u64_rotation/barrett/N1024/varying_exponent,60.359502125873306,60.245537298551376,60.55026280513201
rotation,2,current-simd,u64_rotation/barrett/N4096/varying_exponent,343.88756122388384,343.126864542882,344.5604830058609
rotation,2,current-simd,u64_rotation/native/N1024/varying_exponent,58.17125262640157,58.14502886119202,58.198155153539126
rotation,2,current-simd,u64_rotation/native/N4096/varying_exponent,339.3116989863583,339.0201115944373,339.70763999969466
add-sub,2,before-simd,slice/arithmetic/barrett/u64/q1125899906826241/n1024/add_assign,74.04031991377738,74.02597446425486,74.0565949744492
add-sub,2,before-simd,slice/arithmetic/barrett/u64/q1125899906826241/n1024/add_to,78.85179995966331,78.7059384451364,79.09638203190515
add-sub,2,before-simd,slice/arithmetic/barrett/u64/q1125899906826241/n1024/sub_assign,73.79247335612013,73.75366905649182,73.84621519262367
add-sub,2,before-simd,slice/arithmetic/barrett/u64/q1125899906826241/n1024/sub_to,78.5581428776101,78.53483564780869,78.58718657714181
add-sub,2,before-simd,slice/arithmetic/barrett/u64/q1125899906826241/n1025/add_assign,74.42261615060406,74.386436276633,74.47486922900916
add-sub,2,before-simd,slice/arithmetic/barrett/u64/q1125899906826241/n1025/add_to,78.54173087861892,78.50928311218746,78.5751697784311
add-sub,2,before-simd,slice/arithmetic/barrett/u64/q1125899906826241/n1025/sub_assign,74.11074498471825,74.09228565389155,74.12992697706616
add-sub,2,before-simd,slice/arithmetic/barrett/u64/q1125899906826241/n1025/sub_to,78.38731485308293,78.34897592586564,78.43130484950284
add-sub,2,before-simd,slice/arithmetic/barrett/u64/q1125899906826241/n4096/add_assign,356.05728110351873,355.8419252302163,356.2683320556054
add-sub,2,before-simd,slice/arithmetic/barrett/u64/q1125899906826241/n4096/add_to,449.03648452762434,448.73790638644533,449.33741165621785
add-sub,2,before-simd,slice/arithmetic/barrett/u64/q1125899906826241/n4096/sub_assign,362.99005733890965,362.8361554018513,363.16904969460484
add-sub,2,before-simd,slice/arithmetic/barrett/u64/q1125899906826241/n4096/sub_to,446.5229163917291,446.1836750978502,446.9197288037903
add-sub,2,before-simd,slice/arithmetic/native/u64/n1024/add_assign,53.28214054063028,53.191531512601614,53.43063008678635
add-sub,2,before-simd,slice/arithmetic/native/u64/n1024/sub_assign,53.282464161953364,53.26161793242743,53.30408056038714
add-sub,2,before-simd,slice/arithmetic/native/u64/n1024/sub_to,74.38010886535591,74.372156443179,74.38760584972736
add-sub,2,before-simd,slice/arithmetic/native/u64/n1025/add_assign,53.5911926835857,53.56643519758772,53.614929750102135
add-sub,2,before-simd,slice/arithmetic/native/u64/n1025/sub_assign,53.48411036798259,53.47265117616549,53.494854823787655
add-sub,2,before-simd,slice/arithmetic/native/u64/n1025/sub_to,54.15791270096332,54.1119277579069,54.20149873556567
add-sub,2,before-simd,slice/arithmetic/native/u64/n4096/add_assign,346.8713688161712,346.6549356635047,347.0942819959966
add-sub,2,before-simd,slice/arithmetic/native/u64/n4096/sub_assign,345.2585358418485,344.9558774812308,345.5462295427007
add-sub,2,before-simd,slice/arithmetic/native/u64/n4096/sub_to,444.6285835755775,443.7041157518192,445.5026598453419
add-sub,2,before-simd,slice/power_of_two/u64/add/4096/native,431.9026633690761,431.0655200793271,432.6740979422643
rotation,2,before-simd,u64_rotation/barrett/N1024/varying_exponent,56.634370631057365,56.61697089023079,56.651631647594726
rotation,2,before-simd,u64_rotation/barrett/N4096/varying_exponent,345.927153745416,344.775957018771,347.3209641773034
rotation,2,before-simd,u64_rotation/native/N1024/varying_exponent,53.053887160918876,53.032922720401714,53.080152300255236
rotation,2,before-simd,u64_rotation/native/N4096/varying_exponent,332.40008698946724,332.25175868150535,332.566901976383
other-kernels,2,current-simd,slice/arithmetic/barrett/u64/q1125899906826241/n1024/add_mul_scalar_assign,791.4588197750497,791.0761862419429,791.9637780802966
other-kernels,2,current-simd,slice/arithmetic/barrett/u64/q1125899906826241/n1024/mul_scalar_assign,738.4540665473803,738.2997695077809,738.6600472556013
other-kernels,2,current-simd,slice/arithmetic/barrett/u64/q1125899906826241/n1024/mul_scalar_to,750.0337148125334,749.8004943361392,750.2797738997045
other-kernels,2,current-simd,slice/arithmetic/barrett/u64/q1125899906826241/n1024/neg_assign,38.24131252979035,38.212187762970196,38.277357068432195
other-kernels,2,current-simd,slice/arithmetic/barrett/u64/q1125899906826241/n1024/neg_to,49.439086198039554,49.42037600112747,49.460081048546705
other-kernels,2,current-simd,slice/arithmetic/barrett/u64/q1125899906826241/n1025/add_mul_scalar_assign,823.0541448686279,822.8047062724593,823.3497707565409
other-kernels,2,current-simd,slice/arithmetic/barrett/u64/q1125899906826241/n1025/mul_scalar_assign,739.9257172110322,739.5253262187348,740.412498905573
other-kernels,2,current-simd,slice/arithmetic/barrett/u64/q1125899906826241/n1025/mul_scalar_to,750.6929833362049,750.3385620124246,751.0485589913212
other-kernels,2,current-simd,slice/arithmetic/barrett/u64/q1125899906826241/n1025/neg_assign,37.76901698769679,37.73387076957576,37.81149890890643
other-kernels,2,current-simd,slice/arithmetic/barrett/u64/q1125899906826241/n1025/neg_to,39.21789141337349,39.184101010249655,39.25800157851277
other-kernels,2,current-simd,slice/arithmetic/barrett/u64/q1125899906826241/n4096/add_mul_scalar_assign,3167.3312380580783,3165.4109950091297,3169.316164023326
other-kernels,2,current-simd,slice/arithmetic/barrett/u64/q1125899906826241/n4096/mul_scalar_assign,2951.34233673897,2950.3467193303773,2952.3698487434663
other-kernels,2,current-simd,slice/arithmetic/barrett/u64/q1125899906826241/n4096/mul_scalar_to,3003.5150941408524,2997.9414557433042,3013.420776149868
other-kernels,2,current-simd,slice/arithmetic/barrett/u64/q1125899906826241/n4096/neg_assign,109.73468637820463,109.70510756469072,109.76306807408412
other-kernels,2,current-simd,slice/arithmetic/barrett/u64/q1125899906826241/n4096/neg_to,316.57156069429345,316.3432346481961,316.851821526721
other-kernels,2,current-simd,slice/arithmetic/native/u64/n1024/add_mul_scalar_assign,73.76127650508775,73.73535734894209,73.78880163699934
other-kernels,2,current-simd,slice/arithmetic/native/u64/n1024/mul_scalar_assign,37.87263138866758,37.627504575123595,38.06124024634785
other-kernels,2,current-simd,slice/arithmetic/native/u64/n1024/mul_scalar_to,41.304942355125476,41.25925788252925,41.351253550228314
other-kernels,2,current-simd,slice/arithmetic/native/u64/n1024/neg_assign,35.526705932699215,35.505709639043445,35.54820889750157
other-kernels,2,current-simd,slice/arithmetic/native/u64/n1024/neg_to,41.04891008779012,40.892777864661504,41.15467656991939
other-kernels,2,current-simd,slice/arithmetic/native/u64/n1025/add_mul_scalar_assign,74.03466160591209,73.9930237047116,74.07655470006749
other-kernels,2,current-simd,slice/arithmetic/native/u64/n1025/mul_scalar_assign,37.6783674261056,37.512320576448744,37.82245607651258
other-kernels,2,current-simd,slice/arithmetic/native/u64/n1025/mul_scalar_to,41.84642981738993,41.772064539616196,41.91137847951243
other-kernels,2,current-simd,slice/arithmetic/native/u64/n1025/neg_assign,34.34605622734143,34.31072051259658,34.39003997612414
other-kernels,2,current-simd,slice/arithmetic/native/u64/n1025/neg_to,40.291072818676966,40.204518362639334,40.35487659427233
other-kernels,2,current-simd,slice/arithmetic/native/u64/n4096/add_mul_scalar_assign,365.1452212448789,364.8993824919775,365.42318934747556
other-kernels,2,current-simd,slice/arithmetic/native/u64/n4096/mul_scalar_assign,145.87422356366682,145.53706591409033,146.17093112295842
other-kernels,2,current-simd,slice/arithmetic/native/u64/n4096/mul_scalar_to,306.012470000309,305.90802940235926,306.1343224558666
other-kernels,2,current-simd,slice/arithmetic/native/u64/n4096/neg_assign,141.23478551143404,141.14413154663703,141.33657984283883
other-kernels,2,current-simd,slice/arithmetic/native/u64/n4096/neg_to,303.93486364162095,303.6848336336586,304.3163200353036
other-kernels,2,current-simd,barrett/slice/u64/dot_product/1024/canonical,225.4077380361869,225.19346037962117,225.61494811413365
other-kernels,2,current-simd,barrett/slice/u64/dot_product/4096/canonical,881.3814547669817,879.89735931156,883.8699393609279
other-kernels,2,current-simd,barrett/slice/u64/mul/1024/canonical,797.0540223317987,796.6106588812286,797.5606445062992
other-kernels,2,current-simd,barrett/slice/u64/mul/1024/lazy,764.4702979302727,764.1783898728653,764.7964732385896
other-kernels,2,current-simd,barrett/slice/u64/mul/4096/canonical,3188.8348542528074,3187.364319667378,3190.3884382898473
other-kernels,2,current-simd,barrett/slice/u64/mul/4096/lazy,3059.460487048421,3056.8310003665306,3063.047981446484
other-kernels,2,current-simd,factor/shoup/u64/q1125899906826241/n1024/add_mul_assign,332.57965671652283,332.4680073216206,332.6883732670433
other-kernels,2,current-simd,factor/shoup/u64/q1125899906826241/n1024/mul_assign,329.11430842547014,329.0272705651481,329.22218876954844
other-kernels,2,current-simd,factor/shoup/u64/q1125899906826241/n1024/mul_to,320.0575776708577,319.98318697292876,320.1380855947243
other-kernels,2,current-simd,factor/shoup/u64/q1125899906826241/n1024/sub_mul_assign,324.7481611326814,324.6101022139894,324.92464023796686
other-kernels,2,current-simd,factor/shoup/u64/q1125899906826241/n1025/add_mul_assign,322.9375841652053,322.51662558420065,323.4881505698183
other-kernels,2,current-simd,factor/shoup/u64/q1125899906826241/n1025/mul_assign,332.7882433276933,332.1037622546915,333.62418627469003
other-kernels,2,current-simd,factor/shoup/u64/q1125899906826241/n1025/mul_to,323.07505736757423,322.8541227575884,323.32703428041174
other-kernels,2,current-simd,factor/shoup/u64/q1125899906826241/n1025/sub_mul_assign,310.08535537157337,309.8200739688016,310.4744674399759
other-kernels,2,current-simd,factor/shoup/u64/q1125899906826241/n4096/add_mul_assign,1337.757055273256,1337.470005816419,1338.1031180645386
other-kernels,2,current-simd,factor/shoup/u64/q1125899906826241/n4096/mul_assign,1324.9014193355156,1324.6391482846914,1325.164583381113
other-kernels,2,current-simd,factor/shoup/u64/q1125899906826241/n4096/mul_to,1290.9015960264371,1290.2990879032063,1291.4799618938425
other-kernels,2,current-simd,factor/shoup/u64/q1125899906826241/n4096/sub_mul_assign,1297.4903388777873,1295.746073088437,1300.5991010240496
other-kernels,2,current-simd,slice/power_of_two/u64/dot_product/4096/native,267.42417372997727,267.0496736352613,267.9270715700522
other-kernels,2,current-simd,slice/power_of_two/u64/mul/4096/native,462.80813522204727,461.4864189199337,464.97705255827566
other-kernels,2,current-default,slice/arithmetic/barrett/u64/q1125899906826241/n1024/add_mul_scalar_assign,1546.804571834859,1532.2636130680105,1564.7436257017478
other-kernels,2,current-default,slice/arithmetic/barrett/u64/q1125899906826241/n1024/mul_scalar_assign,1465.999957099306,1465.1138851103644,1467.4073992568888
other-kernels,2,current-default,slice/arithmetic/barrett/u64/q1125899906826241/n1024/mul_scalar_to,1519.684452279145,1519.346992828622,1520.0536906037835
other-kernels,2,current-default,slice/arithmetic/barrett/u64/q1125899906826241/n1024/neg_assign,37.538647066139255,37.49420576519305,37.58441067808308
other-kernels,2,current-default,slice/arithmetic/barrett/u64/q1125899906826241/n1024/neg_to,38.13794365686337,38.10573607243668,38.16891548737186
other-kernels,2,current-default,slice/arithmetic/barrett/u64/q1125899906826241/n1025/add_mul_scalar_assign,1519.1178176749638,1518.8240370680128,1519.4181609147022
other-kernels,2,current-default,slice/arithmetic/barrett/u64/q1125899906826241/n1025/mul_scalar_assign,1474.4773678051588,1469.547892841506,1483.1601100735586
other-kernels,2,current-default,slice/arithmetic/barrett/u64/q1125899906826241/n1025/mul_scalar_to,1535.2818790430276,1532.4452518667129,1538.158670692819
other-kernels,2,current-default,slice/arithmetic/barrett/u64/q1125899906826241/n1025/neg_assign,37.704803882513666,37.65304384154547,37.76078639646375
other-kernels,2,current-default,slice/arithmetic/barrett/u64/q1125899906826241/n1025/neg_to,39.086747371765895,39.05215709918439,39.12245477499795
other-kernels,2,current-default,slice/arithmetic/barrett/u64/q1125899906826241/n4096/add_mul_scalar_assign,6067.1846497871975,6065.845200671215,6068.521011521029
other-kernels,2,current-default,slice/arithmetic/barrett/u64/q1125899906826241/n4096/mul_scalar_assign,5873.527435033073,5869.490911801014,5878.0986304088865
other-kernels,2,current-default,slice/arithmetic/barrett/u64/q1125899906826241/n4096/mul_scalar_to,6424.492417219364,6420.858672208533,6427.9051005015135
other-kernels,2,current-default,slice/arithmetic/barrett/u64/q1125899906826241/n4096/neg_assign,143.52293103259748,143.42204469171762,143.64083821340654
other-kernels,2,current-default,slice/arithmetic/barrett/u64/q1125899906826241/n4096/neg_to,309.95151397648294,309.5608651579463,310.29654518765716
other-kernels,2,current-default,slice/arithmetic/native/u64/n1024/add_mul_scalar_assign,60.01349059329366,59.96496315804183,60.0873838869596
other-kernels,2,current-default,slice/arithmetic/native/u64/n1024/mul_scalar_assign,35.44443364083747,35.27133776468243,35.60676482329652
other-kernels,2,current-default,slice/arithmetic/native/u64/n1024/mul_scalar_to,44.18528727072122,44.042529802826806,44.33331944994071
other-kernels,2,current-default,slice/arithmetic/native/u64/n1024/neg_assign,34.689048470336516,34.67468584359484,34.70547670884448
other-kernels,2,current-default,slice/arithmetic/native/u64/n1024/neg_to,43.78748058048504,43.70515058349483,43.8705424510379
other-kernels,2,current-default,slice/arithmetic/native/u64/n1025/add_mul_scalar_assign,60.16099950250439,60.149219695033736,60.17174354067521
other-kernels,2,current-default,slice/arithmetic/native/u64/n1025/mul_scalar_assign,35.13307399684077,35.08471136440592,35.189231447975445
other-kernels,2,current-default,slice/arithmetic/native/u64/n1025/mul_scalar_to,43.72844587513425,43.66566710944725,43.794328515159066
other-kernels,2,current-default,slice/arithmetic/native/u64/n1025/neg_assign,35.87448312215438,35.79479410132663,35.95554730012723
other-kernels,2,current-default,slice/arithmetic/native/u64/n1025/neg_to,42.98175605415666,42.765857159639936,43.21653900400944
other-kernels,2,current-default,slice/arithmetic/native/u64/n4096/add_mul_scalar_assign,333.11271195558993,332.83095174840685,333.45139270893793
other-kernels,2,current-default,slice/arithmetic/native/u64/n4096/mul_scalar_assign,145.99039116634918,145.9315347913477,146.05157973117437
other-kernels,2,current-default,slice/arithmetic/native/u64/n4096/mul_scalar_to,309.43324705184716,309.17128269727516,309.7049991799158
other-kernels,2,current-default,slice/arithmetic/native/u64/n4096/neg_assign,139.8331445730377,139.77557652554285,139.91310164566235
other-kernels,2,current-default,slice/arithmetic/native/u64/n4096/neg_to,303.49215466989,303.303149743942,303.70495995612515
other-kernels,2,current-default,barrett/slice/u64/dot_product/1024/canonical,448.67656653965105,448.3676272302163,449.01887683667053
other-kernels,2,current-default,barrett/slice/u64/dot_product/4096/canonical,1814.3871239560663,1813.1985643695464,1815.7298423613008
other-kernels,2,current-default,barrett/slice/u64/mul/1024/canonical,1457.7413036908667,1453.2211797486436,1465.6799664925343
other-kernels,2,current-default,barrett/slice/u64/mul/1024/lazy,1392.3331460046338,1391.390508277452,1393.3858085422833
other-kernels,2,current-default,barrett/slice/u64/mul/4096/canonical,6023.167368695344,5954.744642444461,6113.559019647334
other-kernels,2,current-default,barrett/slice/u64/mul/4096/lazy,5756.311236355237,5752.658241257629,5760.348795685171
other-kernels,2,current-default,factor/shoup/u64/q1125899906826241/n1024/add_mul_assign,329.52397837974786,328.6815529358295,330.9994202046515
other-kernels,2,current-default,factor/shoup/u64/q1125899906826241/n1024/mul_assign,308.5031451675218,308.21970482502957,308.82198959791486
other-kernels,2,current-default,factor/shoup/u64/q1125899906826241/n1024/mul_to,319.3406004473835,316.9844676160277,322.72823131768394
other-kernels,2,current-default,factor/shoup/u64/q1125899906826241/n1024/sub_mul_assign,313.72343353036996,313.2002856571897,314.37494187927615
other-kernels,2,current-default,factor/shoup/u64/q1125899906826241/n1025/add_mul_assign,333.2454269612602,332.4849238738625,334.11406587867293
other-kernels,2,current-default,factor/shoup/u64/q1125899906826241/n1025/mul_assign,308.66295717215536,308.0256659413523,309.4715249094401
other-kernels,2,current-default,factor/shoup/u64/q1125899906826241/n1025/mul_to,314.77843915917913,314.35678692014994,315.26312120323456
other-kernels,2,current-default,factor/shoup/u64/q1125899906826241/n1025/sub_mul_assign,328.481798733627,328.29283997404593,328.6864536057176
other-kernels,2,current-default,factor/shoup/u64/q1125899906826241/n4096/add_mul_assign,1342.578351833428,1342.2312345017258,1342.944228645145
other-kernels,2,current-default,factor/shoup/u64/q1125899906826241/n4096/mul_assign,1230.1035258430388,1229.6687958175517,1230.5487750361167
other-kernels,2,current-default,factor/shoup/u64/q1125899906826241/n4096/mul_to,1284.0339575174949,1283.5744717663913,1284.5148486796024
other-kernels,2,current-default,factor/shoup/u64/q1125899906826241/n4096/sub_mul_assign,1323.5567139931632,1323.1235084520642,1324.0337613133277
other-kernels,2,current-default,slice/power_of_two/u64/dot_product/4096/native,264.50380772788947,264.16569054857126,264.8711455187261
other-kernels,2,current-default,slice/power_of_two/u64/mul/4096/native,411.1659634757592,410.631207249481,411.8655280826721
keygen,2,current-simd,u64_keygen/ntt/n728/h32/N1024/classic,58902576.9,58454352.63,59449942.15
keygen,2,current-simd,u64_keygen/ntt/n728/h32/N1024/sparse,198013669.7,197610795.25,198449590.45749998
keygen,2,current-simd,u64_keygen/fourier/rustfft/n728/h32/N1024/classic,60578021.85,60408175.4,60801064.8
keygen,2,current-simd,u64_keygen/fourier/rustfft/n728/h32/N1024/sparse,273651542.3,273322627.8,273941883.7
keygen,2,current-simd,u64_keygen/fourier/tfhe_fft/n728/h32/N1024/classic,64767457.65,63535387.64125,65997604.98625
keygen,2,current-simd,u64_keygen/fourier/tfhe_fft/n728/h32/N1024/sparse,272307952.2,271658150.29,273144998.1825
keygen,2,before-simd,u64_keygen/ntt/n728/h32/N1024/classic,63259385.35,62640588.59375,64281749.5
keygen,2,before-simd,u64_keygen/ntt/n728/h32/N1024/sparse,222964076.4,221531144.7,224497070.405
keygen,2,before-simd,u64_keygen/fourier/rustfft/n728/h32/N1024/classic,62315486.95,61983653.945,62754276.9
keygen,2,before-simd,u64_keygen/fourier/rustfft/n728/h32/N1024/sparse,274789951.0,274367944.2,275244961.5
keygen,2,before-simd,u64_keygen/fourier/tfhe_fft/n728/h32/N1024/classic,61969607.95,61713469.1775,62238222.2
keygen,2,before-simd,u64_keygen/fourier/tfhe_fft/n728/h32/N1024/sparse,274606156.1,274321298.75,274906075.8
pbs,1,before-simd,u64_pbs/ntt/n728/h32/N1024/BootstrapKeyswitch/classic/interleaved3,12441655.899999999,12392417.6755,12503023.8045
pbs,1,before-simd,u64_pbs/ntt/n728/h32/N1024/BootstrapKeyswitch/classic/single,12523675.275,12447897.546875,12612524.9128125
pbs,1,before-simd,u64_pbs/ntt/n728/h32/N1024/BootstrapKeyswitch/sparse/interleaved3,9957833.908333333,9704839.172083333,10381187.841249999
pbs,1,before-simd,u64_pbs/ntt/n728/h32/N1024/BootstrapKeyswitch/sparse/single,10094865.766666666,9895555.374166666,10417785.318124998
pbs,1,before-simd,u64_pbs/fourier/rustfft/n728/h32/N1024/BootstrapKeyswitch/classic/interleaved3,9484756.705772357,9450436.527641231,9524981.69604929
pbs,1,before-simd,u64_pbs/fourier/rustfft/n728/h32/N1024/BootstrapKeyswitch/classic/single,9504282.98333333,9457224.207916666,9560038.304166667
pbs,1,before-simd,u64_pbs/fourier/rustfft/n728/h32/N1024/BootstrapKeyswitch/sparse/interleaved3,9201764.540272947,9164403.648894956,9250116.755443351
pbs,1,before-simd,u64_pbs/fourier/rustfft/n728/h32/N1024/BootstrapKeyswitch/sparse/single,9261653.211417917,9185057.655007338,9369980.893297663
pbs,1,before-simd,u64_pbs/fourier/tfhe_fft/n728/h32/N1024/BootstrapKeyswitch/classic/interleaved3,8794068.410127442,8742495.070332011,8854824.849772751
pbs,1,before-simd,u64_pbs/fourier/tfhe_fft/n728/h32/N1024/BootstrapKeyswitch/classic/single,8778149.335883223,8707359.249263886,8852620.890342783
pbs,1,before-simd,u64_pbs/fourier/tfhe_fft/n728/h32/N1024/BootstrapKeyswitch/sparse/interleaved3,9101858.877753615,9066728.583720082,9143385.823681517
pbs,1,before-simd,u64_pbs/fourier/tfhe_fft/n728/h32/N1024/BootstrapKeyswitch/sparse/single,9324177.520648064,9217863.93617608,9458394.479563393
pbs,1,current-simd,u64_pbs/ntt/n728/h32/N1024/BootstrapKeyswitch/classic/interleaved3,12341311.180000002,12302310.832500003,12402132.112999998
pbs,1,current-simd,u64_pbs/ntt/n728/h32/N1024/BootstrapKeyswitch/classic/single,12381454.460000003,12344104.245500002,12438670.796500001
pbs,1,current-simd,u64_pbs/ntt/n728/h32/N1024/BootstrapKeyswitch/sparse/interleaved3,10057964.23,9999065.61,10146195.0355
pbs,1,current-simd,u64_pbs/ntt/n728/h32/N1024/BootstrapKeyswitch/sparse/single,10115516.841666667,9927148.122291666,10468341.803958332
pbs,1,current-simd,u64_pbs/fourier/rustfft/n728/h32/N1024/BootstrapKeyswitch/classic/interleaved3,9446499.583333334,9409794.992083332,9504184.011041667
pbs,1,current-simd,u64_pbs/fourier/rustfft/n728/h32/N1024/BootstrapKeyswitch/classic/single,9536728.995786024,9476782.665082274,9607180.053074677
pbs,1,current-simd,u64_pbs/fourier/rustfft/n728/h32/N1024/BootstrapKeyswitch/sparse/interleaved3,8975982.399418775,8939389.912766365,9019809.41902641
pbs,1,current-simd,u64_pbs/fourier/rustfft/n728/h32/N1024/BootstrapKeyswitch/sparse/single,8957541.074209955,8903662.964509524,9036711.996270718
pbs,1,current-simd,u64_pbs/fourier/tfhe_fft/n728/h32/N1024/BootstrapKeyswitch/classic/interleaved3,8481653.85949204,8451311.925982533,8521593.9718662
pbs,1,current-simd,u64_pbs/fourier/tfhe_fft/n728/h32/N1024/BootstrapKeyswitch/classic/single,8574377.336547937,8537855.109213997,8618778.252806224
pbs,1,current-simd,u64_pbs/fourier/tfhe_fft/n728/h32/N1024/BootstrapKeyswitch/sparse/interleaved3,9223293.166712683,9052673.337346919,9447482.237772359
pbs,1,current-simd,u64_pbs/fourier/tfhe_fft/n728/h32/N1024/BootstrapKeyswitch/sparse/single,8943757.40337472,8833074.827202551,9085265.92942297
factor-u32-control,1,current-default,factor/shoup/u32/q132120577/n1024/add_mul_assign,56.346873852570056,56.308718703276966,56.38700282089527
factor-u32-control,1,current-default,factor/shoup/u32/q132120577/n1024/mul_assign,38.329271168676755,38.30595931276762,38.357608027077056
factor-u32-control,1,current-default,factor/shoup/u32/q132120577/n1024/sub_mul_assign,57.45779410658743,57.42449422849367,57.489760500821696
factor-u32-control,1,current-default,factor/shoup/u32/q132120577/n1025/add_mul_assign,54.732299785639455,54.63452572415414,54.904085963836806
factor-u32-control,1,current-default,factor/shoup/u32/q132120577/n1025/mul_assign,38.75681753789453,38.749695069451306,38.76444948697654
factor-u32-control,1,current-default,factor/shoup/u32/q132120577/n1025/sub_mul_assign,56.32982950645824,56.3025152326522,56.35902636225284
factor-u32-control,1,current-default,factor/shoup/u32/q132120577/n4096/add_mul_assign,236.94804167801834,236.87865450279526,237.01889977013155
factor-u32-control,1,current-default,factor/shoup/u32/q132120577/n4096/mul_assign,150.45969210844413,150.4061613469141,150.51807818989212
factor-u32-control,1,current-default,factor/shoup/u32/q132120577/n4096/sub_mul_assign,246.79124661805707,246.64790377890648,246.9744909133188
factor-u32-control,1,current-simd,factor/shoup/u32/q132120577/n1024/add_mul_assign,55.11439655710003,55.0702050797888,55.16627455317107
factor-u32-control,1,current-simd,factor/shoup/u32/q132120577/n1024/mul_assign,37.8394166658377,37.80509639394525,37.87088837707105
factor-u32-control,1,current-simd,factor/shoup/u32/q132120577/n1024/sub_mul_assign,54.780165445592594,54.68374618265624,54.90244665807743
factor-u32-control,1,current-simd,factor/shoup/u32/q132120577/n1025/add_mul_assign,55.35020325508439,55.316086748379156,55.39076640947629
factor-u32-control,1,current-simd,factor/shoup/u32/q132120577/n1025/mul_assign,39.37282813164961,39.326486609714635,39.4476826466655
factor-u32-control,1,current-simd,factor/shoup/u32/q132120577/n1025/sub_mul_assign,55.075871405718864,55.03106517032395,55.134333241816435
factor-u32-control,1,current-simd,factor/shoup/u32/q132120577/n4096/add_mul_assign,215.66749485479812,215.56665162200144,215.77827000415775
factor-u32-control,1,current-simd,factor/shoup/u32/q132120577/n4096/mul_assign,146.7267085664594,146.58697076662895,146.87006080352342
factor-u32-control,1,current-simd,factor/shoup/u32/q132120577/n4096/sub_mul_assign,216.94199471396132,216.79658381214148,217.15662343752535
pbs,2,current-simd,u64_pbs/ntt/n728/h32/N1024/BootstrapKeyswitch/classic/interleaved3,12303875.125,12264425.280000001,12364488.332500001
pbs,2,current-simd,u64_pbs/ntt/n728/h32/N1024/BootstrapKeyswitch/classic/single,12378148.889999999,12344710.606,12422344.946250001
pbs,2,current-simd,u64_pbs/ntt/n728/h32/N1024/BootstrapKeyswitch/sparse/interleaved3,10211754.290000001,10078776.66925,10367271.345250001
pbs,2,current-simd,u64_pbs/ntt/n728/h32/N1024/BootstrapKeyswitch/sparse/single,10047683.283333335,9972435.244375,10150897.795833332
pbs,2,current-simd,u64_pbs/fourier/rustfft/n728/h32/N1024/BootstrapKeyswitch/classic/interleaved3,9456113.8,9430770.88604167,9500100.814583335
pbs,2,current-simd,u64_pbs/fourier/rustfft/n728/h32/N1024/BootstrapKeyswitch/classic/single,9516149.416666668,9479909.795625001,9566558.58375
pbs,2,current-simd,u64_pbs/fourier/rustfft/n728/h32/N1024/BootstrapKeyswitch/sparse/interleaved3,9053728.75379172,8946876.788858853,9195154.029177325
pbs,2,current-simd,u64_pbs/fourier/rustfft/n728/h32/N1024/BootstrapKeyswitch/sparse/single,8973554.920756368,8922099.893648677,9035942.488991333
pbs,2,current-simd,u64_pbs/fourier/tfhe_fft/n728/h32/N1024/BootstrapKeyswitch/classic/interleaved3,8536344.221218487,8504873.111864688,8576477.630409168
pbs,2,current-simd,u64_pbs/fourier/tfhe_fft/n728/h32/N1024/BootstrapKeyswitch/classic/single,8583704.31830284,8565687.978079002,8604279.27829473
pbs,2,current-simd,u64_pbs/fourier/tfhe_fft/n728/h32/N1024/BootstrapKeyswitch/sparse/interleaved3,8990756.108794441,8949238.525523778,9052099.865098871
pbs,2,current-simd,u64_pbs/fourier/tfhe_fft/n728/h32/N1024/BootstrapKeyswitch/sparse/single,8896803.287482275,8857812.246760074,8951477.963576883
pbs,2,before-simd,u64_pbs/ntt/n728/h32/N1024/BootstrapKeyswitch/classic/interleaved3,12420228.370000001,12388897.257749997,12474985.272249999
pbs,2,before-simd,u64_pbs/ntt/n728/h32/N1024/BootstrapKeyswitch/classic/single,12441515.25,12383647.618250001,12524364.274500001
pbs,2,before-simd,u64_pbs/ntt/n728/h32/N1024/BootstrapKeyswitch/sparse/interleaved3,9752468.690000001,9696571.75025,9846447.99775
pbs,2,before-simd,u64_pbs/ntt/n728/h32/N1024/BootstrapKeyswitch/sparse/single,9762127.466666665,9717336.693958335,9835482.994166669
pbs,2,before-simd,u64_pbs/fourier/rustfft/n728/h32/N1024/BootstrapKeyswitch/classic/interleaved3,9463918.015839504,9428143.980558299,9513575.23565552
pbs,2,before-simd,u64_pbs/fourier/rustfft/n728/h32/N1024/BootstrapKeyswitch/classic/single,9587664.458333334,9542839.554583333,9649307.486041667
pbs,2,before-simd,u64_pbs/fourier/rustfft/n728/h32/N1024/BootstrapKeyswitch/sparse/interleaved3,9335968.774586577,9167677.276272986,9562988.4077124
pbs,2,before-simd,u64_pbs/fourier/rustfft/n728/h32/N1024/BootstrapKeyswitch/sparse/single,9295727.709999997,9228036.639999999,9373598.197749998
pbs,2,before-simd,u64_pbs/fourier/tfhe_fft/n728/h32/N1024/BootstrapKeyswitch/classic/interleaved3,8694796.864150535,8639162.112168754,8767669.588134399
pbs,2,before-simd,u64_pbs/fourier/tfhe_fft/n728/h32/N1024/BootstrapKeyswitch/classic/single,8633625.928781368,8582144.421908235,8697488.055451447
pbs,2,before-simd,u64_pbs/fourier/tfhe_fft/n728/h32/N1024/BootstrapKeyswitch/sparse/interleaved3,9092991.310237262,9053851.771664573,9140673.190499049
pbs,2,before-simd,u64_pbs/fourier/tfhe_fft/n728/h32/N1024/BootstrapKeyswitch/sparse/single,9200136.651107343,9130118.612779574,9289253.30473007
factor-u32-control,2,current-simd,factor/shoup/u32/q132120577/n1024/add_mul_assign,58.20236364888789,58.16920936024124,58.255335417411736
factor-u32-control,2,current-simd,factor/shoup/u32/q132120577/n1024/mul_assign,38.170615195302126,38.15208655950047,38.1900835771081
factor-u32-control,2,current-simd,factor/shoup/u32/q132120577/n1024/sub_mul_assign,58.01415003990403,57.974503446736705,58.05725907380701
factor-u32-control,2,current-simd,factor/shoup/u32/q132120577/n1025/add_mul_assign,58.07283727747573,57.98523928714336,58.17570545333032
factor-u32-control,2,current-simd,factor/shoup/u32/q132120577/n1025/mul_assign,39.66584367060044,39.56426322923208,39.85890326684158
factor-u32-control,2,current-simd,factor/shoup/u32/q132120577/n1025/sub_mul_assign,58.3279551971447,58.11501549188434,58.57046013773405
factor-u32-control,2,current-simd,factor/shoup/u32/q132120577/n4096/add_mul_assign,210.84446929741753,210.79383488167466,210.9057690386267
factor-u32-control,2,current-simd,factor/shoup/u32/q132120577/n4096/mul_assign,146.42914176762372,146.25557404109318,146.6195690563456
factor-u32-control,2,current-simd,factor/shoup/u32/q132120577/n4096/sub_mul_assign,210.43904438671478,210.37370658367684,210.52761325676326
factor-u32-control,2,current-default,factor/shoup/u32/q132120577/n1024/add_mul_assign,59.09926100550935,59.075189937273095,59.127707803745935
factor-u32-control,2,current-default,factor/shoup/u32/q132120577/n1024/mul_assign,38.342072961940964,38.31870926837104,38.37440914668121
factor-u32-control,2,current-default,factor/shoup/u32/q132120577/n1024/sub_mul_assign,60.351056209153924,60.315486270561586,60.39276140923329
factor-u32-control,2,current-default,factor/shoup/u32/q132120577/n1025/add_mul_assign,58.503260061579496,58.35978556263981,58.65733176137018
factor-u32-control,2,current-default,factor/shoup/u32/q132120577/n1025/mul_assign,38.76589638602138,38.67994908584007,38.92370777718928
factor-u32-control,2,current-default,factor/shoup/u32/q132120577/n1025/sub_mul_assign,59.88455566862981,59.7103394374033,60.08232045944495
factor-u32-control,2,current-default,factor/shoup/u32/q132120577/n4096/add_mul_assign,237.3584723018962,237.25573083203935,237.46259471635284
factor-u32-control,2,current-default,factor/shoup/u32/q132120577/n4096/mul_assign,150.27954078714112,150.219003350435,150.34457143913025
factor-u32-control,2,current-default,factor/shoup/u32/q132120577/n4096/sub_mul_assign,246.4415757280965,246.20681970676432,246.7004900963593
add-sub-recheck,1,before-simd,slice/arithmetic/barrett/u64/q1125899906826241/n4096/add_to,465.13893964311467,464.6231709137726,465.78648297102126
add-sub-recheck,1,before-simd,slice/arithmetic/barrett/u64/q1125899906826241/n4096/sub_to,467.8181623734007,467.4899670575417,468.19824560687744
add-sub-recheck,1,before-simd,slice/arithmetic/native/u64/n1024/add_assign,73.8848464388013,73.86664586575343,73.90508179634307
add-sub-recheck,1,before-simd,slice/arithmetic/native/u64/n1024/sub_assign,73.44712673919068,73.37031651899993,73.5337350531674
add-sub-recheck,1,before-simd,slice/arithmetic/native/u64/n1024/sub_to,76.06650857347921,76.02134582803798,76.11323936948106
add-sub-recheck,1,before-simd,slice/arithmetic/native/u64/n1025/add_assign,74.19246799137136,74.14528201982483,74.23994640132348
add-sub-recheck,1,before-simd,slice/arithmetic/native/u64/n1025/sub_assign,73.62219336093382,73.52892461338907,73.74161554780578
add-sub-recheck,1,before-simd,slice/arithmetic/native/u64/n1025/sub_to,76.75173364075691,76.67698151087609,76.84797234113522
rotation-recheck,1,before-simd,u64_rotation/barrett/N1024/varying_exponent,57.04016843972089,56.99601679333032,57.11542993201806
rotation-recheck,1,before-simd,u64_rotation/barrett/N4096/varying_exponent,342.11155076670576,341.9773557859194,342.2453806645843
rotation-recheck,1,before-simd,u64_rotation/native/N1024/varying_exponent,59.73078633760768,59.70734934902813,59.76674965995873
rotation-recheck,1,before-simd,u64_rotation/native/N4096/varying_exponent,331.95599295541393,331.60230153962885,332.55757994493786
pbs-recheck,1,before-simd,u64_pbs/ntt/n728/h32/N1024/BootstrapKeyswitch/sparse/interleaved3,9905423.428494878,9855304.51578225,9969866.48988916
pbs-recheck,1,before-simd,u64_pbs/ntt/n728/h32/N1024/BootstrapKeyswitch/sparse/single,9929164.455655785,9913789.356269289,9946428.20958232
add-sub-recheck,1,current-simd,slice/arithmetic/barrett/u64/q1125899906826241/n4096/add_to,456.0855178465846,455.580890790388,456.57323930566963
add-sub-recheck,1,current-simd,slice/arithmetic/barrett/u64/q1125899906826241/n4096/sub_to,457.0284006064383,456.614837496247,457.4372113798861
add-sub-recheck,1,current-simd,slice/arithmetic/native/u64/n1024/add_assign,59.18946715231728,59.12990123493269,59.254748726201015
add-sub-recheck,1,current-simd,slice/arithmetic/native/u64/n1024/sub_assign,59.0786593366646,59.063871440675534,59.09370943811903
add-sub-recheck,1,current-simd,slice/arithmetic/native/u64/n1024/sub_to,66.9919084705656,66.95087226688284,67.03768421717282
add-sub-recheck,1,current-simd,slice/arithmetic/native/u64/n1025/add_assign,59.628222505306084,59.58789723247854,59.68547072906659
add-sub-recheck,1,current-simd,slice/arithmetic/native/u64/n1025/sub_assign,59.5919132761267,59.565337210640365,59.623704286353174
add-sub-recheck,1,current-simd,slice/arithmetic/native/u64/n1025/sub_to,67.20258799362692,67.18131118457642,67.2281582756489
rotation-recheck,1,current-simd,u64_rotation/barrett/N1024/varying_exponent,61.09023964221867,61.04017682785829,61.16304818652229
rotation-recheck,1,current-simd,u64_rotation/barrett/N4096/varying_exponent,344.6723035944901,344.4171058717564,344.90944793855596
rotation-recheck,1,current-simd,u64_rotation/native/N1024/varying_exponent,59.0044459076582,58.98259546693546,59.026378095820235
rotation-recheck,1,current-simd,u64_rotation/native/N4096/varying_exponent,341.39642885675164,341.27197030231514,341.5245431613313
pbs-recheck,1,current-simd,u64_pbs/ntt/n728/h32/N1024/BootstrapKeyswitch/sparse/interleaved3,9936866.876113687,9925825.266024522,9950982.65468252
pbs-recheck,1,current-simd,u64_pbs/ntt/n728/h32/N1024/BootstrapKeyswitch/sparse/single,9980627.164115625,9965564.451969724,9997444.63502242
add-sub-recheck,2,current-simd,slice/arithmetic/barrett/u64/q1125899906826241/n4096/add_to,451.1113513886145,450.766783752235,451.52075961374567
add-sub-recheck,2,current-simd,slice/arithmetic/barrett/u64/q1125899906826241/n4096/sub_to,454.5994513633067,454.24232454244947,454.9885166437301
add-sub-recheck,2,current-simd,slice/arithmetic/native/u64/n1024/add_assign,59.11049030870936,59.07663160156506,59.16891317256838
add-sub-recheck,2,current-simd,slice/arithmetic/native/u64/n1024/sub_assign,59.08431272921804,59.073438269626145,59.09779524365032
add-sub-recheck,2,current-simd,slice/arithmetic/native/u64/n1024/sub_to,67.02083303951437,67.01328745713431,67.0295430467667
add-sub-recheck,2,current-simd,slice/arithmetic/native/u64/n1025/add_assign,59.53247730199048,59.51844774662422,59.54993743666392
add-sub-recheck,2,current-simd,slice/arithmetic/native/u64/n1025/sub_assign,59.523850927314356,59.50406744978564,59.55076564473211
add-sub-recheck,2,current-simd,slice/arithmetic/native/u64/n1025/sub_to,67.3582719483073,67.34227645797904,67.3743850778731
rotation-recheck,2,current-simd,u64_rotation/barrett/N1024/varying_exponent,57.13814451820493,57.083319741853344,57.20351841129631
rotation-recheck,2,current-simd,u64_rotation/barrett/N4096/varying_exponent,344.5108213683375,344.0035488337421,345.06446256871055
rotation-recheck,2,current-simd,u64_rotation/native/N1024/varying_exponent,53.820970071714555,53.80533970791159,53.84099423301728
rotation-recheck,2,current-simd,u64_rotation/native/N4096/varying_exponent,340.3368833206845,340.2243868560551,340.4488498248789
pbs-recheck,2,current-simd,u64_pbs/ntt/n728/h32/N1024/BootstrapKeyswitch/sparse/interleaved3,10363607.85696366,10172054.384367265,10592368.378759008
pbs-recheck,2,current-simd,u64_pbs/ntt/n728/h32/N1024/BootstrapKeyswitch/sparse/single,10024518.089045841,9939736.601896767,10134618.311630815
add-sub-recheck,2,before-simd,slice/arithmetic/barrett/u64/q1125899906826241/n4096/add_to,452.83243575384756,452.40449309597506,453.2072784389352
add-sub-recheck,2,before-simd,slice/arithmetic/barrett/u64/q1125899906826241/n4096/sub_to,447.1236464106497,446.74903060549764,447.4664411757744
add-sub-recheck,2,before-simd,slice/arithmetic/native/u64/n1024/add_assign,74.31867760418791,74.02364824384924,74.69232858872128
add-sub-recheck,2,before-simd,slice/arithmetic/native/u64/n1024/sub_assign,73.20804988590832,73.18413455103119,73.23861662563769
add-sub-recheck,2,before-simd,slice/arithmetic/native/u64/n1024/sub_to,76.00103655892818,75.96235597809184,76.04243165038993
add-sub-recheck,2,before-simd,slice/arithmetic/native/u64/n1025/add_assign,74.06440616388748,74.01979498955527,74.11666291859503
add-sub-recheck,2,before-simd,slice/arithmetic/native/u64/n1025/sub_assign,73.51057154316143,73.4632238517006,73.55962844994146
add-sub-recheck,2,before-simd,slice/arithmetic/native/u64/n1025/sub_to,76.6056963706618,76.5863949808091,76.63163278127222
rotation-recheck,2,before-simd,u64_rotation/barrett/N1024/varying_exponent,63.75468512729334,63.742595648520464,63.766808122857434
rotation-recheck,2,before-simd,u64_rotation/barrett/N4096/varying_exponent,344.13723237457464,343.97147222581157,344.31497124701934
rotation-recheck,2,before-simd,u64_rotation/native/N1024/varying_exponent,60.97763041128676,60.71974685847557,61.30064556496917
rotation-recheck,2,before-simd,u64_rotation/native/N4096/varying_exponent,333.5986561808874,333.39863758826993,333.8462195517849
pbs-recheck,2,before-simd,u64_pbs/ntt/n728/h32/N1024/BootstrapKeyswitch/sparse/interleaved3,9928673.049858175,9904145.178625407,9956271.35857256
pbs-recheck,2,before-simd,u64_pbs/ntt/n728/h32/N1024/BootstrapKeyswitch/sparse/single,9918211.599118998,9864840.952845555,9987585.727212619
add-sub-only-pbs,1,isolate-simd,u64_pbs/ntt/n728/h32/N1024/BootstrapKeyswitch/sparse/interleaved3,9863000.037985077,9847148.977749784,9883899.415240502
add-sub-only-pbs,1,isolate-simd,u64_pbs/ntt/n728/h32/N1024/BootstrapKeyswitch/sparse/single,10031438.75432115,9890696.480803683,10241634.067597443
add-sub-only-pbs,1,isolate-simd,u64_pbs/fourier/rustfft/n728/h32/N1024/BootstrapKeyswitch/sparse/single,9121839.344605198,9100501.658140676,9150637.820865532
add-sub-only-pbs,1,isolate-simd,u64_pbs/fourier/tfhe_fft/n728/h32/N1024/BootstrapKeyswitch/sparse/single,9050580.19423188,8968406.123117087,9150966.116177933
add-sub-only-pbs,1,current-simd,u64_pbs/ntt/n728/h32/N1024/BootstrapKeyswitch/sparse/interleaved3,10071077.941928634,9942051.600953074,10276984.330512466
add-sub-only-pbs,1,current-simd,u64_pbs/ntt/n728/h32/N1024/BootstrapKeyswitch/sparse/single,10001790.270511365,9987978.562829595,10015755.61520207
add-sub-only-pbs,1,current-simd,u64_pbs/fourier/rustfft/n728/h32/N1024/BootstrapKeyswitch/sparse/single,8818105.001012858,8702486.009632682,9015052.917566162
add-sub-only-pbs,1,current-simd,u64_pbs/fourier/tfhe_fft/n728/h32/N1024/BootstrapKeyswitch/sparse/single,8858369.554953432,8838980.666690618,8877845.656954939
add-sub-only-pbs,2,current-simd,u64_pbs/ntt/n728/h32/N1024/BootstrapKeyswitch/sparse/interleaved3,9875822.277269593,9862880.244376117,9890027.871208716
add-sub-only-pbs,2,current-simd,u64_pbs/ntt/n728/h32/N1024/BootstrapKeyswitch/sparse/single,9910489.80911393,9895883.009533565,9924757.846841747
add-sub-only-pbs,2,current-simd,u64_pbs/fourier/rustfft/n728/h32/N1024/BootstrapKeyswitch/sparse/single,8787995.069006009,8768966.405726463,8816550.012021145
add-sub-only-pbs,2,current-simd,u64_pbs/fourier/tfhe_fft/n728/h32/N1024/BootstrapKeyswitch/sparse/single,9252097.554619795,9069618.58937013,9468950.255150836
add-sub-only-pbs,2,isolate-simd,u64_pbs/ntt/n728/h32/N1024/BootstrapKeyswitch/sparse/interleaved3,9967085.228684274,9930634.5042994,10015047.613860732
add-sub-only-pbs,2,isolate-simd,u64_pbs/ntt/n728/h32/N1024/BootstrapKeyswitch/sparse/single,10020116.285017367,9935333.190754753,10114652.764764292
add-sub-only-pbs,2,isolate-simd,u64_pbs/fourier/rustfft/n728/h32/N1024/BootstrapKeyswitch/sparse/single,9903683.186531862,9817756.84011169,10020127.529816922
add-sub-only-pbs,2,isolate-simd,u64_pbs/fourier/tfhe_fft/n728/h32/N1024/BootstrapKeyswitch/sparse/single,9121814.67613551,9102772.868584337,9151712.423668113
