category,features,round,workload,reference,candidate,reference_mean_ns,reference_ci_lower_ns,reference_ci_upper_ns,candidate_mean_ns,candidate_ci_lower_ns,candidate_ci_upper_ns,change_percent
online,default,1,glwe_fourier/mvb/rustfft/u32/D8/k3/BootstrapKeyswitch/classic/factorized,before-default,after-default,6177794.44117647,6136008.09411765,6225547.03529412,6186704.68235294,6106451.89411765,6279761.65323529,0.14423013
online,default,1,glwe_fourier/mvb/rustfft/u32/D8/k3/BootstrapKeyswitch/sparse/factorized,before-default,after-default,4423286.70434783,4373765.42608696,4477413.66652174,4385128.27826087,4311969.27358696,4484359.57826087,-0.86267133
online,default,1,glwe_fourier/mvb/rustfft/u64/D8/k3/KeyswitchBootstrap/classic/factorized,before-default,after-default,9303873.90000000,9283696.45863636,9326786.43886364,9492597.89090909,9473778.56363636,9514731.48681818,2.02844528
online,default,1,glwe_fourier/mvb/rustfft/u64/D8/k3/KeyswitchBootstrap/sparse/factorized,before-default,after-default,8898639.94166667,8800462.25229167,9047613.27500000,8832301.34166667,8731280.50000000,8989098.18916667,-0.74549145
online,default,1,glwe_fourier/mvb/tfhe_fft/u32/D8/k3/KeyswitchBootstrap/classic/factorized,before-default,after-default,5237065.26500000,5212799.01500000,5268870.27837500,5332596.20526316,5313069.03157895,5358160.56302632,1.82413118
online,default,1,glwe_fourier/mvb/tfhe_fft/u32/D8/k3/KeyswitchBootstrap/sparse/factorized,before-default,after-default,4142192.34583333,4095022.67083333,4196046.09614583,4255991.29166667,4209514.97500000,4308798.37520833,2.74731196
online,default,1,glwe_fourier/mvb/tfhe_fft/u64/D8/k3/BootstrapKeyswitch/classic/factorized,before-default,after-default,8962773.19166667,8699092.52083333,9303132.89416667,8780337.35000000,8741559.03729167,8822936.58166667,-2.03548431
online,default,1,glwe_fourier/mvb/tfhe_fft/u64/D8/k3/BootstrapKeyswitch/sparse/factorized,before-default,after-default,9382802.70909091,8928314.65454545,9894087.02045454,8873019.78333334,8770358.89500000,9025390.95520833,-5.43316258
online,default,1,glwe_ntt/cbs/u64/n728/h32/N1024/BootstrapKeyswitch/output_logb8_l3/classic,before-default,after-default,31810352.27500000,31671122.30000000,31983766.66312500,31922581.82500000,31813847.04375000,32092408.30625000,0.35280826
online,default,1,glwe_ntt/cbs/u64/n728/h32/N1024/BootstrapKeyswitch/output_logb8_l3/sparse,before-default,after-default,18508577.66666666,18288339.96666666,18812628.80541667,18416911.55000000,18201742.60791667,18724301.61291666,-0.49526289
online,default,1,glwe_ntt/cbs/u64/n728/h32/N1024/KeyswitchBootstrap/output_logb8_l3/classic,before-default,after-default,31770708.65000000,31672522.48875000,31919545.52500000,31840110.12500000,31720476.92375000,32029856.35000000,0.21844484
online,default,1,glwe_ntt/cbs/u64/n728/h32/N1024/KeyswitchBootstrap/output_logb8_l3/sparse,before-default,after-default,18528928.41666666,18332263.72833334,18829441.45000000,18591154.56666667,18396773.10000000,18879842.13333333,0.33583243
online,default,1,mvb/D8/k3/BootstrapKeyswitch/classic/factorized,before-default,after-default,5036960.27000000,5033246.52500000,5040823.66500000,5013999.07500000,5012288.68500000,5015646.31475000,-0.45585420
online,default,1,mvb/D8/k3/BootstrapKeyswitch/sparse/factorized,before-default,after-default,4311687.54166667,4252551.56666667,4395438.10000000,4317708.49565217,4261914.58695652,4398077.37315217,0.13964263
online,default,1,mvb/D8/k3/KeyswitchBootstrap/classic/factorized,before-default,after-default,4991557.17142857,4989179.93809524,4994609.86190476,5045605.14500000,5043366.60487500,5047168.91487500,1.08278783
online,default,1,mvb/D8/k3/KeyswitchBootstrap/sparse/factorized,before-default,after-default,4440585.01739130,4384490.05217391,4522718.67847826,4293769.45416667,4244790.77083333,4352724.17312500,-3.30622120
online,default,1,ntru_fourier/mvb/rustfft/u32/D8/k3/factorized,before-default,after-default,2485930.69512195,2484585.75853659,2487774.50975610,2466436.79512195,2465223.22439024,2467695.64640244,-0.78416909
online,default,1,ntru_fourier/mvb/tfhe_fft/u64/D8/k3/factorized,before-default,after-default,3608202.57142857,3604550.32500000,3610461.24901786,3663160.18571429,3660546.44642857,3664953.58750000,1.52312996
online,default,1,ntru_fourier/rustfft/cbs/n1024/logb10/dim64/output_logb8_l2,before-default,after-default,678443.23603762,677847.43871252,679453.59756026,683680.64867872,683444.10807172,683952.99273663,0.77197507
online,default,1,ntru_fourier/rustfft/complete_pbs_reused_output,before-default,after-default,2740259.93041383,2738720.23689626,2742773.07018637,2726643.66548186,2725492.39068027,2728137.27975312,-0.49689684
online,default,1,ntru_fourier/rustfft/ternary/complete_pbs_reused_output,before-default,after-default,3551670.11155423,3549588.80696825,3554528.93030423,3608222.64918651,3597238.62177381,3620356.12847222,1.59228013
online,default,1,ntru_fourier/rustfft/u64/complete_pbs_reused_output,before-default,after-default,6887172.26108466,6872482.02146230,6909304.09777778,7072516.95166667,7059478.47166667,7086012.84843056,2.69115805
online,default,1,ntru_fourier/rustfft/u64/ternary/complete_pbs_reused_output,before-default,after-default,8917306.10328042,8818552.42000000,9067505.18074074,8932868.17521164,8885256.30733135,8987562.05484127,0.17451539
online,default,1,ntru_fourier/tfhe/cbs/n1024/logb10/dim64/output_logb8_l2,before-default,after-default,589254.17012545,589023.64656855,589559.52251478,590440.46849206,590275.42680831,590627.83548387,0.20132201
online,default,1,ntru_fourier/tfhe/complete_pbs_reused_output,before-default,after-default,2256177.99975309,2255534.46810031,2256980.51961111,2255681.40250882,2255140.41217813,2256259.42173302,-0.02201055
online,default,1,ntru_fourier/tfhe/ternary/complete_pbs_reused_output,before-default,after-default,2889322.08688209,2882257.94719955,2901514.95341270,2878916.31096372,2876232.91714881,2883199.85055555,-0.36014593
online,default,1,ntru_fourier/tfhe/u64/complete_pbs_reused_output,before-default,after-default,5867267.32435516,5847048.48916667,5895877.15963616,6005993.22728175,6000625.05409077,6011657.41114335,2.36440399
online,default,1,ntru_fourier/tfhe/u64/ternary/complete_pbs_reused_output,before-default,after-default,7960830.90808201,7922057.58777778,8003194.40775231,7914550.13597884,7844009.40531217,7999107.82533532,-0.58135605
online,default,1,ntru_ntt/cbs/n1024/logb10/dim64/output_logb8_l2,before-default,after-default,1073134.32982260,1072853.11949580,1073476.70875817,1079516.84159897,1078837.56757954,1080627.94931098,0.59475423
online,default,1,ntru_ntt/complete_pbs_reused_output,before-default,after-default,2089167.81560406,2088423.86524085,2090313.38576786,2127248.37761905,2125759.54374802,2128178.77854497,1.82276224
online,default,1,ntru_ntt/mvb/D8/k3/factorized,before-default,after-default,1909899.65283019,1909292.74905660,1910794.54339623,1883700.57592593,1882952.65925926,1884863.96754630,-1.37175149
online,default,1,ntru_ntt/ternary/complete_pbs_reused_output,before-default,after-default,3095065.02756614,3092950.47719577,3097465.53294907,3109375.86946429,3103546.29138690,3116323.99988095,0.46237613
online,default,1,ntru_ntt/u64/complete_pbs_reused_output,before-default,after-default,10070614.68910714,10064345.60666667,10081613.08413691,10243987.98063492,10225581.03555556,10265547.97461508,1.72157606
online,default,1,ntru_ntt/u64/ternary/complete_pbs_reused_output,before-default,after-default,17061242.25609127,17030119.49278125,17096727.69984127,17029232.07543651,16966543.96343452,17106367.36571429,-0.18761928
online,default,1,tfhe_pbs/fourier/rustfft/u32/bootstrap_keyswitch/n1024/k1/small_lwe512/external_lwe512/complete_pbs_reused_output,before-default,after-default,4033694.81654762,4029415.88901905,4037342.51546667,4154464.76523809,4149207.18643095,4159637.93980952,2.99402791
online,default,1,tfhe_pbs/fourier/rustfft/u32/keyswitch_bootstrap/n1024/k1/small_lwe512/external_lwe1024/complete_pbs_reused_output,before-default,after-default,4016447.89114286,4007001.98175000,4030317.33400000,4043639.84739683,4038210.32668968,4050401.70018135,0.67701504
online,default,1,tfhe_pbs/fourier/tfhe/u32/bootstrap_keyswitch/n1024/k1/small_lwe512/external_lwe512/complete_pbs_reused_output,before-default,after-default,3601729.54657407,3598680.78787037,3605478.02870370,3433523.20165344,3425687.74846065,3442129.37923280,-4.67015479
online,default,1,tfhe_pbs/fourier/tfhe/u32/keyswitch_bootstrap/n1024/k1/small_lwe512/external_lwe1024/complete_pbs_reused_output,before-default,after-default,3468126.57871032,3462216.30917659,3474785.97259921,3539081.08115741,3535549.01125000,3542777.30758218,2.04590291
online,default,1,tfhe_pbs/ntt/u32/bootstrap_keyswitch/n1024/k1/small_lwe512/external_lwe512/complete_pbs_reused_output,before-default,after-default,3541196.72326720,3540760.10705853,3541628.84744511,3519529.05604497,3517489.50567460,3520885.21208135,-0.61187415
online,default,1,tfhe_pbs/ntt/u32/keyswitch_bootstrap/n1024/k1/small_lwe512/external_lwe1024/complete_pbs_reused_output,before-default,after-default,3531614.55665344,3530386.16672685,3532757.01082011,3507172.74071429,3504539.73142857,3510302.12770833,-0.69208617
online,default,2,fourier_cbs/rustfft/BootstrapKeyswitch/n728/h32/N1024/output_logb8_l3/classic,before-default-r2,after-default-r2,16624257.20000000,16531510.60904762,16742135.87642857,16840113.65714286,16745974.86595238,16947092.65452381,1.29844272
online,default,2,fourier_cbs/rustfft/BootstrapKeyswitch/n728/h32/N1024/output_logb8_l3/sparse,before-default-r2,after-default-r2,18341861.25555556,18136632.90472222,18638303.46611112,18476450.42222222,18271379.65333333,18743948.64750000,0.73378140
online,default,2,fourier_cbs/rustfft/KeyswitchBootstrap/n728/h32/N1024/output_logb8_l3/classic,before-default-r2,after-default-r2,16268529.56190476,16192336.40119048,16368219.10333333,16615128.72222222,16551174.40250000,16724300.14194445,2.13048855
online,default,2,fourier_cbs/rustfft/KeyswitchBootstrap/n728/h32/N1024/output_logb8_l3/sparse,before-default-r2,after-default-r2,18137941.08888889,18024719.42750000,18343654.59055556,18554861.24444444,18349985.81250000,18846858.18444445,2.29860795
online,default,2,fourier_cbs/tfhe_fft/BootstrapKeyswitch/n728/h32/N1024/output_logb8_l3/classic,before-default-r2,after-default-r2,15445004.24761905,15338865.12047619,15576807.46833333,14752990.50476191,14616447.53428572,14924770.07071428,-4.48050212
online,default,2,fourier_cbs/tfhe_fft/BootstrapKeyswitch/n728/h32/N1024/output_logb8_l3/sparse,before-default-r2,after-default-r2,18168380.02222222,17949862.60111111,18473197.55027778,18139744.48888889,18021951.71694444,18353676.28222222,-0.15761192
online,default,2,fourier_cbs/tfhe_fft/KeyswitchBootstrap/n728/h32/N1024/output_logb8_l3/classic,before-default-r2,after-default-r2,14928752.18095238,14859225.86666667,15041438.64666666,14637286.87619048,14573559.98761905,14753549.17333333,-1.95237553
online,default,2,fourier_cbs/tfhe_fft/KeyswitchBootstrap/n728/h32/N1024/output_logb8_l3/sparse,before-default-r2,after-default-r2,18188187.71111111,17967490.54694445,18473834.99194444,18258910.95555556,18037172.79777778,18560669.14111111,0.38884162
online,default,2,glwe_fourier/mvb/rustfft/u64/D8/k3/KeyswitchBootstrap/classic/factorized,before-default-r2,after-default-r2,9554916.35757576,9506214.61121212,9616972.37030303,9375792.18181818,9341417.99075758,9430515.24621212,-1.87468073
online,default,2,glwe_fourier/mvb/rustfft/u64/D8/k3/KeyswitchBootstrap/sparse/factorized,before-default-r2,after-default-r2,8790671.27878788,8730090.35863636,8879967.81590909,8768271.48888889,8705164.79763889,8879885.77916667,-0.25481319
online,default,2,glwe_fourier/mvb/tfhe_fft/u32/D8/k3/KeyswitchBootstrap/classic/factorized,before-default-r2,after-default-r2,5278256.16491228,5251031.62736842,5307911.66842105,5156582.47666667,5130029.37641667,5193266.25533333,-2.30518725
online,default,2,glwe_fourier/mvb/tfhe_fft/u32/D8/k3/KeyswitchBootstrap/sparse/factorized,before-default-r2,after-default-r2,4288730.50277778,4238354.92909722,4359756.94388889,4284785.31111111,4245841.06270833,4336160.19298611,-0.09198973
online,default,2,glwe_ntt/cbs/u64/n728/h32/N1024/BootstrapKeyswitch/output_logb8_l3/classic,before-default-r2,after-default-r2,31872450.38333333,31789582.97750000,31979602.01958333,31199129.58333333,31117523.47208333,31306666.98583333,-2.11254796
online,default,2,glwe_ntt/cbs/u64/n728/h32/N1024/BootstrapKeyswitch/output_logb8_l3/sparse,before-default-r2,after-default-r2,18442466.84444445,18319500.77916666,18623952.41000000,18472192.45555555,18262552.72333333,18779396.90194444,0.16118023
online,default,2,glwe_ntt/cbs/u64/n728/h32/N1024/KeyswitchBootstrap/output_logb8_l3/classic,before-default-r2,after-default-r2,31789352.50000000,31699877.71583334,31901308.88416667,31121246.26666667,31043823.49875000,31232472.85916667,-2.10166669
online,default,2,glwe_ntt/cbs/u64/n728/h32/N1024/KeyswitchBootstrap/output_logb8_l3/sparse,before-default-r2,after-default-r2,18467082.31111111,18359993.01416666,18638786.29277778,18367827.67777777,18269050.14972222,18550212.09916667,-0.53746787
online,default,2,ntru_fourier/rustfft/cbs/n1024/logb10/dim64/output_logb8_l2,before-default-r2,after-default-r2,686853.12239991,685581.62484582,688754.15575173,688563.22631486,687194.93174575,689858.66966364,0.24897665
online,default,2,ntru_fourier/rustfft/complete_pbs_reused_output,before-default-r2,after-default-r2,2735051.06091771,2733720.41521058,2737148.72923464,2704110.56853040,2703712.50752385,2704540.03347266,-1.13125831
online,default,2,ntru_fourier/rustfft/ternary/complete_pbs_reused_output,before-default-r2,after-default-r2,3615384.63906062,3611349.05481738,3621490.95303037,3534061.96834120,3532059.90218116,3536461.75860104,-2.24935045
online,default,2,ntru_fourier/rustfft/u64/complete_pbs_reused_output,before-default-r2,after-default-r2,6928831.26722232,6921634.27688640,6937805.53646874,7032120.67705480,6983114.96596281,7079313.34155159,1.49071908
online,default,2,ntru_fourier/rustfft/u64/ternary/complete_pbs_reused_output,before-default-r2,after-default-r2,8943773.70245791,8905257.62654125,8992025.49829419,9169111.49010619,9135670.62018518,9216895.98581183,2.51949339
online,default,2,ntru_fourier/tfhe/cbs/n1024/logb10/dim64/output_logb8_l2,before-default-r2,after-default-r2,581771.31016300,581478.92462443,582157.67292699,582274.06128266,581343.25723973,583736.99801195,0.08641731
online,default,2,ntru_fourier/tfhe/complete_pbs_reused_output,before-default-r2,after-default-r2,2273440.60200022,2228712.75773343,2352611.53054339,2244618.62851007,2231824.71698819,2269204.05501641,-1.26776893
online,default,2,ntru_fourier/tfhe/ternary/complete_pbs_reused_output,before-default-r2,after-default-r2,2928667.93434033,2926914.19125598,2931113.44406753,2888555.64115677,2887429.10855423,2889801.81640278,-1.36964293
online,default,2,ntru_fourier/tfhe/u64/complete_pbs_reused_output,before-default-r2,after-default-r2,6125227.01916115,6116744.63308202,6135310.01015895,6023353.89448589,6013111.76795525,6034986.82109666,-1.66317304
online,default,2,ntru_fourier/tfhe/u64/ternary/complete_pbs_reused_output,before-default-r2,after-default-r2,8004184.16600575,7983044.03831052,8033874.26607250,8083049.60768778,8051612.77638462,8124147.83026471,0.98530269
online,default,2,ntru_ntt/cbs/n1024/logb10/dim64/output_logb8_l2,before-default-r2,after-default-r2,1084283.71573080,1083892.51260173,1084701.16095767,1085826.94741305,1085452.47731710,1086230.91949755,0.14232729
online,default,2,tfhe_pbs/fourier/rustfft/u32/bootstrap_keyswitch/n1024/k1/small_lwe512/external_lwe512/complete_pbs_reused_output,before-default-r2,after-default-r2,4100531.93043084,4095495.71092772,4106157.63142262,4129545.14315193,4122754.66458192,4137248.45456718,0.70754754
online,default,2,tfhe_pbs/fourier/rustfft/u32/keyswitch_bootstrap/n1024/k1/small_lwe512/external_lwe1024/complete_pbs_reused_output,before-default-r2,after-default-r2,4103441.08799887,4092944.69122662,4115920.31035119,3986501.09723356,3982292.09252976,3991936.53508758,-2.84980309
online,default,2,tfhe_pbs/fourier/tfhe/u32/bootstrap_keyswitch/n1024/k1/small_lwe512/external_lwe512/complete_pbs_reused_output,before-default-r2,after-default-r2,3491437.57064484,3486361.07265848,3497818.61932515,3570354.22878968,3561830.17874653,3580670.41978621,2.26029126
online,default,2,tfhe_pbs/fourier/tfhe/u32/keyswitch_bootstrap/n1024/k1/small_lwe512/external_lwe1024/complete_pbs_reused_output,before-default-r2,after-default-r2,3557662.09015377,3551693.75364149,3564807.63095610,3485678.50186508,3474163.57596131,3503970.93711310,-2.02333967
online_final,default,3,glwe_ntt/cbs/u64/n728/h32/N1024/BootstrapKeyswitch/output_logb8_l3/classic,before-default-accepted,after-default-accepted,31851872.83333333,31700317.36375000,32036811.66916667,31984467.68333333,31828336.07916667,32191436.51500000,0.41628588
online_final,default,3,glwe_ntt/cbs/u64/n728/h32/N1024/BootstrapKeyswitch/output_logb8_l3/sparse,before-default-accepted,after-default-accepted,18364758.86666667,18197643.93111111,18568202.91472223,18520961.31111111,18295815.51111111,18790728.15166666,0.85055538
online_final,default,3,glwe_ntt/cbs/u64/n728/h32/N1024/KeyswitchBootstrap/output_logb8_l3/classic,before-default-accepted,after-default-accepted,31642298.98333333,31487956.91166667,31836825.85708334,32045096.76666667,31886140.47250000,32212420.80208333,1.27297256
online_final,default,3,glwe_ntt/cbs/u64/n728/h32/N1024/KeyswitchBootstrap/output_logb8_l3/sparse,before-default-accepted,after-default-accepted,18553061.95555555,18336179.48027778,18811922.56444445,18400810.52222222,18201227.97250000,18626799.81333334,-0.82062699
online_final,default,3,mvb/D8/k3/BootstrapKeyswitch/classic/factorized,before-default-accepted,after-default-accepted,5062378.34333333,5059982.42333333,5064904.39750000,5038896.78000000,5032323.15983333,5046205.53191667,-0.46384450
online_final,default,3,mvb/D8/k3/BootstrapKeyswitch/sparse/factorized,before-default-accepted,after-default-accepted,4394067.60000000,4340329.97731884,4451598.13130435,4334954.10000000,4275021.88548611,4401160.57243056,-1.34530247
online_final,default,3,mvb/D8/k3/KeyswitchBootstrap/classic/factorized,before-default-accepted,after-default-accepted,5010009.61000000,5009063.51825000,5010943.55241667,4987695.73333333,4981230.50722222,4994175.35412698,-0.44538591
online_final,default,3,mvb/D8/k3/KeyswitchBootstrap/sparse/factorized,before-default-accepted,after-default-accepted,4370660.58260870,4311485.95463768,4438365.17224638,4394848.34782609,4338243.09514493,4461225.66521739,0.55341212
online_final,default,3,tfhe_pbs/ntt/u32/bootstrap_keyswitch/n1024/k1/small_lwe512/external_lwe512/complete_pbs_reused_output,before-default-accepted,after-default-accepted,3539758.42283730,3533044.37487153,3551698.80658135,3562050.62952877,3561605.36313281,3562534.32205481,0.62976633
online_final,default,3,tfhe_pbs/ntt/u32/keyswitch_bootstrap/n1024/k1/small_lwe512/external_lwe1024/complete_pbs_reused_output,before-default-accepted,after-default-accepted,3548466.88440476,3543659.83592708,3552402.83765179,3523274.14211310,3522544.10321726,3524099.36541741,-0.70996132
keygen,default,1,r2/keygen/fourier/rustfft/sparse_cbs,before-default-keygen,after-default-keygen,520406734.89999998,519535238.25250000,521595938.95249999,522757243.10000002,521832271.41750002,523785792.18250000,0.45166752
keygen,default,1,r2/keygen/fourier/tfhe_fft/sparse_cbs,before-default-keygen,after-default-keygen,516102781.60000002,515451357.97249997,516770028.84250003,516578621.50000000,516193772.48500001,516977061.54750001,0.09219867
keygen,default,1,r2/keygen/ntt/sparse_cbs,before-default-keygen,after-default-keygen,394040858.80000001,393333626.90999997,394855087.08000004,398856394.30000001,398176919.53999996,399516310.09749997,1.22209040
keygen,default,2,r2/keygen/fourier/rustfft/sparse_cbs,before-default-keygen-r2,after-default-keygen-r2,517074414.69999999,516655861.30000001,517696184.98249996,521484890.89999998,520838760.71999997,522190699.31750000,0.85296740
keygen,default,2,r2/keygen/fourier/tfhe_fft/sparse_cbs,before-default-keygen-r2,after-default-keygen-r2,513246553.69999999,512786115.02250004,513770375.13499999,514664456.80000001,514196451.50000000,515120200.60499996,0.27626159
keygen,default,2,r2/keygen/ntt/sparse_cbs,before-default-keygen-r2,after-default-keygen-r2,392117045.60000002,391926804.89999998,392323547.25250000,398714712.30000001,398522663.68500000,398919010.90249997,1.68257585
online,simd,1,glwe_fourier/mvb/rustfft/u32/D8/k3/BootstrapKeyswitch/classic/factorized,before-simd,after-simd,6220071.22941177,6165527.02058823,6300077.91764706,6156444.37058823,6099788.32764706,6230667.93985294,-1.02292814
online,simd,1,glwe_fourier/mvb/rustfft/u32/D8/k3/BootstrapKeyswitch/sparse/factorized,before-simd,after-simd,4401412.80434783,4338719.82065217,4490667.62608696,4432330.80869565,4356873.18163043,4549022.73478261,0.70245636
online,simd,1,glwe_fourier/mvb/rustfft/u64/D8/k3/KeyswitchBootstrap/classic/factorized,before-simd,after-simd,9430934.96363636,9350420.04545454,9557363.68840909,9537956.58181818,9412953.55409091,9679009.76136364,1.13479330
online,simd,1,glwe_fourier/mvb/rustfft/u64/D8/k3/KeyswitchBootstrap/sparse/factorized,before-simd,after-simd,9011194.73333333,8779073.89354167,9352910.69062500,8964577.35000000,8851454.13895833,9097709.82500000,-0.51732744
online,simd,1,glwe_fourier/mvb/tfhe_fft/u32/D8/k3/KeyswitchBootstrap/classic/factorized,before-simd,after-simd,5253348.08947368,5196115.55881579,5332059.90000000,5165148.23500000,5107440.23575000,5247345.57500000,-1.67892652
online,simd,1,glwe_fourier/mvb/tfhe_fft/u32/D8/k3/KeyswitchBootstrap/sparse/factorized,before-simd,after-simd,4272443.90000000,4216590.42187500,4356525.89281250,4186688.78333333,4130233.55000000,4260889.55833333,-2.00716776
online,simd,1,glwe_fourier/mvb/tfhe_fft/u64/D8/k3/BootstrapKeyswitch/classic/factorized,before-simd,after-simd,8665676.86666667,8597385.00625000,8775452.64166667,8609486.95833333,8535232.36666667,8713883.26666667,-0.64841915
online,simd,1,glwe_fourier/mvb/tfhe_fft/u64/D8/k3/BootstrapKeyswitch/sparse/factorized,before-simd,after-simd,8868111.89166667,8764998.64958333,9026456.68604167,8809067.05833333,8715420.02020833,8937012.35833333,-0.66581065
online,simd,1,glwe_ntt/cbs/u64/n728/h32/N1024/BootstrapKeyswitch/output_logb8_l3/classic,before-simd,after-simd,22193687.76000000,22020253.58000001,22389597.20850000,22112246.38000000,21944660.66000000,22378040.80800000,-0.36695740
online,simd,1,glwe_ntt/cbs/u64/n728/h32/N1024/BootstrapKeyswitch/output_logb8_l3/sparse,before-simd,after-simd,17308141.36666667,17110145.12750001,17610746.47625000,17483517.25000000,17287643.94416666,17774275.93333333,1.01325659
online,simd,1,glwe_ntt/cbs/u64/n728/h32/N1024/KeyswitchBootstrap/output_logb8_l3/classic,before-simd,after-simd,21963472.92000000,21822683.53250000,22150432.15100000,22227666.78000000,22018594.63800000,22533979.70500000,1.20287835
online,simd,1,glwe_ntt/cbs/u64/n728/h32/N1024/KeyswitchBootstrap/output_logb8_l3/sparse,before-simd,after-simd,17256733.46666666,17024236.19541667,17572791.33333333,17213644.73333333,17042897.51125000,17466897.40541667,-0.24969229
online,simd,1,mvb/D8/k3/BootstrapKeyswitch/classic/factorized,before-simd,after-simd,5028125.81000000,5024825.20500000,5031609.93500000,4939103.90952381,4933945.83809524,4946716.58214286,-1.77047878
online,simd,1,mvb/D8/k3/BootstrapKeyswitch/sparse/factorized,before-simd,after-simd,4408904.17826087,4347408.99326087,4482673.81206522,4353969.76521739,4289931.26076087,4446847.76782609,-1.24598791
online,simd,1,mvb/D8/k3/KeyswitchBootstrap/classic/factorized,before-simd,after-simd,4870542.55714286,4866287.43809524,4876469.87988095,4994517.83500000,4989691.00262500,5000460.86000000,2.54541001
online,simd,1,mvb/D8/k3/KeyswitchBootstrap/sparse/factorized,before-simd,after-simd,4366980.60869565,4291642.68130435,4471524.39195652,4328414.00416667,4256175.78052083,4423356.90979167,-0.88314119
online,simd,1,ntru_fourier/mvb/rustfft/u32/D8/k3/factorized,before-simd,after-simd,2470861.31951219,2464854.19103659,2477269.39268293,2460067.71707317,2457574.64682927,2462908.12682927,-0.43683562
online,simd,1,ntru_fourier/mvb/tfhe_fft/u64/D8/k3/factorized,before-simd,after-simd,3652597.58571429,3648756.55714286,3657066.91625000,3652593.40000000,3650043.74285714,3655823.27142857,-0.00011460
online,simd,1,ntru_fourier/rustfft/cbs/n1024/logb10/dim64/output_logb8_l2,before-simd,after-simd,675546.47469724,675213.92344790,675965.40475309,685858.12932687,685737.37067019,685996.25113955,1.52641676
online,simd,1,ntru_fourier/rustfft/complete_pbs_reused_output,before-simd,after-simd,2732755.89821429,2724937.57608929,2742821.59226190,2718443.16510204,2717869.85653061,2719096.88077551,-0.52374722
online,simd,1,ntru_fourier/rustfft/ternary/complete_pbs_reused_output,before-simd,after-simd,3555791.66166005,3548647.90154365,3568219.03944494,3511090.46608466,3508474.69139087,3514061.60939153,-1.25713765
online,simd,1,ntru_fourier/rustfft/u64/complete_pbs_reused_output,before-simd,after-simd,6904342.08055556,6899329.43666667,6912066.11388889,6942737.90302910,6939937.56388790,6945565.30164286,0.55611124
online,simd,1,ntru_fourier/rustfft/u64/ternary/complete_pbs_reused_output,before-simd,after-simd,8874564.09435185,8861128.96415046,8891246.55518518,8974755.03580688,8929392.75014451,9030158.71113889,1.12896747
online,simd,1,ntru_fourier/tfhe/cbs/n1024/logb10/dim64/output_logb8_l2,before-simd,after-simd,583491.33200055,582766.99186645,584027.48620833,586846.38458581,586668.58877517,587056.92971230,0.57499613
online,simd,1,ntru_fourier/tfhe/complete_pbs_reused_output,before-simd,after-simd,2266360.45458113,2265770.94953175,2266987.56041446,2262040.38356702,2259878.59561508,2265451.74237654,-0.19061712
online,simd,1,ntru_fourier/tfhe/ternary/complete_pbs_reused_output,before-simd,after-simd,2987900.26527778,2987043.51908730,2988801.87588889,2891209.78410431,2889358.66123724,2893369.33709666,-3.23606789
online,simd,1,ntru_fourier/tfhe/u64/complete_pbs_reused_output,before-simd,after-simd,5751582.18888889,5740864.58351042,5765223.67637500,5995057.50104167,5987288.05713542,6003436.78333333,4.23318844
online,simd,1,ntru_fourier/tfhe/u64/ternary/complete_pbs_reused_output,before-simd,after-simd,7803719.62230159,7781600.68500000,7834995.70722222,7572058.87183862,7558834.61694444,7592485.26537302,-2.96859397
online,simd,1,ntru_ntt/cbs/n1024/logb10/dim64/output_logb8_l2,before-simd,after-simd,756432.16902612,756058.14762401,756876.42731163,778725.05325231,777674.08555411,780299.43575231,2.94710949
online,simd,1,ntru_ntt/complete_pbs_reused_output,before-simd,after-simd,2081383.40947531,2077887.61796296,2084900.29466049,2072347.66046737,2071014.44434634,2074299.10029718,-0.43412227
online,simd,1,ntru_ntt/mvb/D8/k3/factorized,before-simd,after-simd,1872289.52222222,1871573.31111111,1872925.35847222,1867460.12407407,1864674.30370370,1871766.04449074,-0.25794078
online,simd,1,ntru_ntt/ternary/complete_pbs_reused_output,before-simd,after-simd,2967799.08898526,2963474.67007554,2974594.83324830,3050459.10836640,3049362.80296296,3052266.00362103,2.78522962
online,simd,1,ntru_ntt/u64/complete_pbs_reused_output,before-simd,after-simd,7246256.40433862,7243106.95932936,7249745.16111111,7162734.42089947,7156637.21626984,7173373.09177579,-1.15262252
online,simd,1,ntru_ntt/u64/ternary/complete_pbs_reused_output,before-simd,after-simd,11031868.84130952,11027423.45276786,11038235.85011905,11261202.90515873,11233234.54142857,11297017.66611111,2.07883240
online,simd,1,tfhe_pbs/fourier/rustfft/u32/bootstrap_keyswitch/n1024/k1/small_lwe512/external_lwe512/complete_pbs_reused_output,before-simd,after-simd,4092948.54423810,4081555.33880714,4107343.78077381,4195473.07804762,4181361.30676667,4214050.71133810,2.50490649
online,simd,1,tfhe_pbs/fourier/rustfft/u32/keyswitch_bootstrap/n1024/k1/small_lwe512/external_lwe1024/complete_pbs_reused_output,before-simd,after-simd,4144623.68523016,4103684.66639861,4200556.27217917,4075095.89457936,4068220.61319405,4082934.06738036,-1.67754170
online,simd,1,tfhe_pbs/fourier/tfhe/u32/bootstrap_keyswitch/n1024/k1/small_lwe512/external_lwe512/complete_pbs_reused_output,before-simd,after-simd,3628908.53920635,3616019.06106250,3647985.00416667,3592355.25109127,3584301.91002083,3604163.14207044,-1.00728050
online,simd,1,tfhe_pbs/fourier/tfhe/u32/keyswitch_bootstrap/n1024/k1/small_lwe512/external_lwe1024/complete_pbs_reused_output,before-simd,after-simd,3498180.12978836,3480901.69910648,3518712.93128902,3492271.13373016,3480307.23796825,3510720.72063492,-0.16891629
online,simd,1,tfhe_pbs/ntt/u32/bootstrap_keyswitch/n1024/k1/small_lwe512/external_lwe512/complete_pbs_reused_output,before-simd,after-simd,3496328.69968915,3495125.62061508,3497633.46515757,3475310.84086640,3471080.02565377,3479832.88572751,-0.60114081
online,simd,1,tfhe_pbs/ntt/u32/keyswitch_bootstrap/n1024/k1/small_lwe512/external_lwe1024/complete_pbs_reused_output,before-simd,after-simd,3484954.50925265,3482233.86834821,3488470.72142857,3479047.26710979,3473661.90983929,3485270.08002646,-0.16950701
online,simd,2,fourier_cbs/rustfft/BootstrapKeyswitch/n728/h32/N1024/output_logb8_l3/classic,before-simd-r2,after-simd-r2,16810500.17777778,16747213.34388889,16895269.45527778,16421019.58095238,16334800.16642857,16542027.62142858,-2.31688881
online,simd,2,fourier_cbs/rustfft/BootstrapKeyswitch/n728/h32/N1024/output_logb8_l3/sparse,before-simd-r2,after-simd-r2,17644428.06666667,17392401.38694445,17960110.08472222,17384530.51111111,17252172.59666666,17606676.23138889,-1.47297240
online,simd,2,fourier_cbs/rustfft/KeyswitchBootstrap/n728/h32/N1024/output_logb8_l3/classic,before-simd-r2,after-simd-r2,16672577.94444445,16614193.24555556,16778894.89027777,16699414.95555556,16639462.35388889,16797121.93583333,0.16096498
online,simd,2,fourier_cbs/rustfft/KeyswitchBootstrap/n728/h32/N1024/output_logb8_l3/sparse,before-simd-r2,after-simd-r2,17846223.80000000,17630714.16333333,18153328.11722222,17519235.14444445,17390458.49555555,17744294.70638889,-1.83225684
online,simd,2,fourier_cbs/tfhe_fft/BootstrapKeyswitch/n728/h32/N1024/output_logb8_l3/classic,before-simd-r2,after-simd-r2,14888244.23809524,14732793.53190476,15065482.75238095,15002544.56190476,14899120.88857143,15142043.54119048,0.76772198
online,simd,2,fourier_cbs/tfhe_fft/BootstrapKeyswitch/n728/h32/N1024/output_logb8_l3/sparse,before-simd-r2,after-simd-r2,17369151.27777778,17239275.27555555,17598835.96305555,17659387.10000000,17434659.13333333,17944986.86305555,1.67098448
online,simd,2,fourier_cbs/tfhe_fft/KeyswitchBootstrap/n728/h32/N1024/output_logb8_l3/classic,before-simd-r2,after-simd-r2,14666510.93333333,14596273.76357143,14778802.97071428,14946321.58095238,14856291.88119048,15073688.81666667,1.90782013
online,simd,2,fourier_cbs/tfhe_fft/KeyswitchBootstrap/n728/h32/N1024/output_logb8_l3/sparse,before-simd-r2,after-simd-r2,17571766.64444445,17361749.35250000,17845784.50166667,17599470.36666667,17464057.73277778,17826668.85777778,0.15766043
online,simd,2,glwe_ntt/cbs/u64/n728/h32/N1024/BootstrapKeyswitch/output_logb8_l3/classic,before-simd-r2,after-simd-r2,21579873.90666666,21466748.73933334,21724414.88400000,21484694.77333334,21362372.60600000,21650437.89566667,-0.44105509
online,simd,2,glwe_ntt/cbs/u64/n728/h32/N1024/BootstrapKeyswitch/output_logb8_l3/sparse,before-simd-r2,after-simd-r2,17416369.02222222,17239794.91972223,17661872.69888889,17377118.92222222,17176253.00388889,17644365.40083333,-0.22536328
online,simd,2,glwe_ntt/cbs/u64/n728/h32/N1024/KeyswitchBootstrap/output_logb8_l3/classic,before-simd-r2,after-simd-r2,21731411.94666667,21616788.50933333,21889147.12833333,21720109.49333334,21559137.55233333,21942543.42300000,-0.05200975
online,simd,2,glwe_ntt/cbs/u64/n728/h32/N1024/KeyswitchBootstrap/output_logb8_l3/sparse,before-simd-r2,after-simd-r2,17390573.80000000,17269955.61555555,17563257.14111111,17215744.91111111,17009208.99972222,17498503.32111111,-1.00530834
online,simd,2,mvb/D8/k3/KeyswitchBootstrap/classic/factorized,before-simd-r2,after-simd-r2,4937508.86666667,4936311.45150794,4938910.10238095,4922684.66349206,4918556.05373016,4928871.87634921,-0.30023649
online,simd,2,ntru_fourier/rustfft/cbs/n1024/logb10/dim64/output_logb8_l2,before-simd-r2,after-simd-r2,672639.71271018,671054.45889164,675075.08549138,680886.26833047,680232.38717795,681344.34217172,1.22599892
online,simd,2,ntru_fourier/rustfft/complete_pbs_reused_output,before-simd-r2,after-simd-r2,2737744.97217830,2735601.51467581,2739868.44547219,2734537.59991213,2732172.96667213,2737743.83793732,-0.11715380
online,simd,2,ntru_fourier/rustfft/ternary/complete_pbs_reused_output,before-simd-r2,after-simd-r2,3581419.07925551,3579772.95413699,3583577.18916136,3504581.92948519,3503205.36057524,3506020.48214749,-2.14543867
online,simd,2,ntru_fourier/rustfft/u64/complete_pbs_reused_output,before-simd-r2,after-simd-r2,6934536.03095895,6922772.10645454,6950637.78943520,6926795.23440606,6920189.59329861,6934629.65242407,-0.11162674
online,simd,2,ntru_fourier/rustfft/u64/ternary/complete_pbs_reused_output,before-simd-r2,after-simd-r2,9215156.14952640,9200159.78896622,9233651.13561785,9029581.23458384,8994234.17042033,9080175.59596696,-2.01380109
online,simd,2,ntru_fourier/tfhe/cbs/n1024/logb10/dim64/output_logb8_l2,before-simd-r2,after-simd-r2,582750.43417589,582605.25592006,582906.45479067,579265.77674267,578829.62837290,579960.15075474,-0.59796737
online,simd,2,ntru_fourier/tfhe/complete_pbs_reused_output,before-simd-r2,after-simd-r2,2245428.45882232,2244290.49874517,2246797.80188229,2255628.76198061,2253287.37856650,2259385.47265813,0.45426979
online,simd,2,ntru_fourier/tfhe/ternary/complete_pbs_reused_output,before-simd-r2,after-simd-r2,3003581.79262715,3001308.07013595,3006596.51191635,2855306.26965845,2853965.40670040,2856936.72019235,-4.93662345
online,simd,2,ntru_fourier/tfhe/u64/complete_pbs_reused_output,before-simd-r2,after-simd-r2,6007437.20582855,5999412.20601646,6014706.15534242,5953336.55522613,5946770.77056225,5960398.93278205,-0.90056123
online,simd,2,ntru_fourier/tfhe/u64/ternary/complete_pbs_reused_output,before-simd-r2,after-simd-r2,8181047.77086219,8146759.01240657,8230757.03452029,8000252.01693094,7980169.59339421,8021357.44177915,-2.20993397
online,simd,2,ntru_ntt/cbs/n1024/logb10/dim64/output_logb8_l2,before-simd-r2,after-simd-r2,758060.40328222,757866.42674724,758265.92333735,775833.71218364,775631.05355216,776082.02644167,2.34457687
online,simd,2,ntru_ntt/ternary/complete_pbs_reused_output,before-simd-r2,after-simd-r2,3046090.14385296,3045176.57791116,3047053.21894609,3044731.75568853,3042700.54427888,3046719.32180672,-0.04459448
online,simd,2,ntru_ntt/u64/ternary/complete_pbs_reused_output,before-simd-r2,after-simd-r2,11221729.75097097,11207342.37483992,11245652.56745285,11126268.78482231,11104201.09507786,11155705.47814413,-0.85067960
online,simd,2,tfhe_pbs/fourier/rustfft/u32/bootstrap_keyswitch/n1024/k1/small_lwe512/external_lwe512/complete_pbs_reused_output,before-simd-r2,after-simd-r2,4082454.14169501,4080073.70103954,4084854.02987174,4117001.88172336,4106290.45764966,4126278.94511905,0.84624931
online,simd,2,tfhe_pbs/fourier/rustfft/u32/keyswitch_bootstrap/n1024/k1/small_lwe512/external_lwe1024/complete_pbs_reused_output,before-simd-r2,after-simd-r2,4121807.55183673,4117082.52213095,4127348.95309184,4061797.83890590,4055909.81241100,4068647.53032696,-1.45590769
online,simd,2,tfhe_pbs/fourier/tfhe/u32/bootstrap_keyswitch/n1024/k1/small_lwe512/external_lwe512/complete_pbs_reused_output,before-simd-r2,after-simd-r2,3513330.00952877,3508800.67682341,3518523.71860255,3537184.86938492,3534860.90203571,3539714.09257242,0.67898147
online,simd,2,tfhe_pbs/fourier/tfhe/u32/keyswitch_bootstrap/n1024/k1/small_lwe512/external_lwe1024/complete_pbs_reused_output,before-simd-r2,after-simd-r2,3483040.42464286,3480424.24531994,3485849.12193155,3483505.08781250,3481029.76228125,3486417.83086719,0.01334073
online_final,simd,3,glwe_ntt/cbs/u64/n728/h32/N1024/BootstrapKeyswitch/output_logb8_l3/classic,before-simd-accepted,after-simd-accepted,21795821.48000000,21613365.29933333,22018446.20200000,22118109.26666667,21975225.21900000,22275452.48466667,1.47866777
online_final,simd,3,glwe_ntt/cbs/u64/n728/h32/N1024/BootstrapKeyswitch/output_logb8_l3/sparse,before-simd-accepted,after-simd-accepted,17489613.06666667,17283649.40638889,17716525.00500000,17420071.95555555,17128813.71805556,17778104.35694445,-0.39761378
online_final,simd,3,glwe_ntt/cbs/u64/n728/h32/N1024/KeyswitchBootstrap/output_logb8_l3/classic,before-simd-accepted,after-simd-accepted,21708279.70666667,21535472.08133333,21904446.01666667,22230187.77333333,22056208.48600000,22431296.21066667,2.40418897
online_final,simd,3,glwe_ntt/cbs/u64/n728/h32/N1024/KeyswitchBootstrap/output_logb8_l3/sparse,before-simd-accepted,after-simd-accepted,17518004.78888889,17306933.42722222,17771424.42388889,17542561.82222222,17327563.41888889,17791025.82083333,0.14018168
online_final,simd,3,mvb/D8/k3/BootstrapKeyswitch/classic/factorized,before-simd-accepted,after-simd-accepted,4953068.00634921,4950419.94658730,4957420.25928571,4943028.06349206,4940358.71317460,4947065.02087301,-0.20270149
online_final,simd,3,mvb/D8/k3/BootstrapKeyswitch/sparse/factorized,before-simd-accepted,after-simd-accepted,4397758.46086957,4330932.92594203,4475585.43753623,4396355.22608696,4352946.14065217,4448130.04159420,-0.03190795
online_final,simd,3,mvb/D8/k3/KeyswitchBootstrap/classic/factorized,before-simd-accepted,after-simd-accepted,4970786.77460317,4968256.36412698,4972386.58626984,4962597.02539682,4960528.38738095,4965010.77722222,-0.16475760
online_final,simd,3,mvb/D8/k3/KeyswitchBootstrap/sparse/factorized,before-simd-accepted,after-simd-accepted,4346999.34492754,4290085.14152174,4416144.48891304,4383488.80277778,4320945.90416667,4452497.37090278,0.83941715
online_final,simd,3,tfhe_pbs/ntt/u32/bootstrap_keyswitch/n1024/k1/small_lwe512/external_lwe512/complete_pbs_reused_output,before-simd-accepted,after-simd-accepted,3507456.79640377,3500189.26420709,3520633.23599628,3476749.00691964,3475802.18439583,3477427.97089955,-0.87550015
online_final,simd,3,tfhe_pbs/ntt/u32/keyswitch_bootstrap/n1024/k1/small_lwe512/external_lwe1024/complete_pbs_reused_output,before-simd-accepted,after-simd-accepted,3497907.97319444,3495756.97720313,3499220.47604167,3547050.66135417,3542499.07736458,3551562.50090365,1.40491655
keygen,simd,1,r2/keygen/fourier/rustfft/sparse_cbs,before-simd-keygen,after-simd-keygen,592899500.50000000,546661565.55750000,646526770.15250003,513432068.69999999,513188680.99000001,513661830.38999999,-13.40318751
keygen,simd,1,r2/keygen/fourier/tfhe_fft/sparse_cbs,before-simd-keygen,after-simd-keygen,540400001.29999995,540003437.51749992,540789293.02750003,512167297.39999998,511064112.41749996,513444095.38749999,-5.22440856
keygen,simd,1,r2/keygen/ntt/sparse_cbs,before-simd-keygen,after-simd-keygen,407923770.00000000,407631630.01249999,408295971.22499996,419866538.10000002,419531805.40750003,420224742.09499997,2.92769605
keygen,simd,2,r2/keygen/fourier/rustfft/sparse_cbs,before-simd-keygen-r2,after-simd-keygen-r2,542227575.00000000,541925921.13000000,542529341.97750008,512971912.19999999,512796601.07499999,513141307.11249995,-5.39545832
keygen,simd,2,r2/keygen/fourier/tfhe_fft/sparse_cbs,before-simd-keygen-r2,after-simd-keygen-r2,537917250.29999995,537627214.94250000,538165158.66750002,509802199.89999998,509429424.92000002,510215037.92000002,-5.22664971
keygen,simd,2,r2/keygen/ntt/sparse_cbs,before-simd-keygen-r2,after-simd-keygen-r2,407334710.19999999,407084621.54500002,407535258.20499998,418592708.10000002,418403008.76249999,418753490.10000002,2.76381993
trace_baseline,simd,1,ntru_ntt/cbs/n1024/logb10/dim64/output_logb8_l2,probe1-before,probe1-shared,756585.49486765,756417.29059416,756812.63061002,772127.09827395,771792.44330510,772536.77643402,2.05417676
trace_isolation,simd,1,ntru_ntt/cbs/n1024/logb10/dim64/output_logb8_l2,probe1-separate,probe1-shared,775647.23006959,775490.97478332,775840.81672798,772127.09827395,771792.44330510,772536.77643402,-0.45383154
keygen_baseline,simd,1,r2/keygen/ntt/sparse_cbs,keyprobe1-before,keyprobe1-shared,408638759.10000002,408029825.91750002,409191477.65499997,418944298.60000002,418440643.58749998,419450195.49000001,2.52191924
keygen_isolation,simd,1,r2/keygen/ntt/sparse_cbs,keyprobe1-original,keyprobe1-shared,408736227.60000002,408184453.21750003,409306683.11499995,418944298.60000002,418440643.58749998,419450195.49000001,2.49747155
trace_baseline,simd,2,ntru_ntt/cbs/n1024/logb10/dim64/output_logb8_l2,probe2-before,probe2-shared,755981.81320827,755719.37095657,756310.62539609,776225.01130478,775131.22683772,777608.46855852,2.67773612
trace_isolation,simd,2,ntru_ntt/cbs/n1024/logb10/dim64/output_logb8_l2,probe2-separate,probe2-shared,772909.77931509,772678.92238323,773203.02990918,776225.01130478,775131.22683772,777608.46855852,0.42892872
keygen_baseline,simd,2,r2/keygen/ntt/sparse_cbs,keyprobe2-before,keyprobe2-shared,409499324.50000000,409100098.74250001,409834349.50000000,433752350.69999999,433244568.64999998,434247543.10499996,5.92260469
keygen_isolation,simd,2,r2/keygen/ntt/sparse_cbs,keyprobe2-original,keyprobe2-shared,409539804.00000000,409146305.92250001,409921570.37000000,433752350.69999999,433244568.64999998,434247543.10499996,5.91213515
